Date_Time,Total_Beds,Occupied_Beds,Available_Beds,ICU_Beds,ICU_Occupied,Ward,Department,Ventilator_Usage,Emergency_Load
2026-05-18 05:01:26.335551,136,82,54,18,17,ICU,Surgery,39,Medium
2026-04-23 00:35:06.297857,99,97,2,42,29,Emergency,Emergency,38,Medium
2026-05-07 06:29:31.494165,278,99,179,39,19,ICU,ICU,39,Low
2026-05-11 07:31:33.170705,74,56,18,32,15,Cardiology,ICU,13,High
2026-05-17 15:16:25.997011,247,95,152,21,6,Emergency,ICU,9,Low
2026-05-11 10:07:21.698944,166,76,90,45,12,Emergency,Emergency,22,High
2026-05-05 12:54:50.401667,103,63,40,44,26,Emergency,Surgery,39,Low
2026-05-14 07:21:33.079242,73,67,6,50,39,ICU,ICU,20,High
2026-05-17 22:17:42.904800,50,37,13,11,6,Emergency,ICU,7,High
2026-05-07 01:13:44.070109,259,59,200,11,8,General,Surgery,16,High
2026-04-28 08:02:27.172202,141,130,11,49,27,Cardiology,Surgery,15,Medium
2026-05-16 20:54:28.057221,71,47,24,19,5,Cardiology,ICU,35,High
2026-05-19 13:47:11.192015,71,54,17,35,8,ICU,Cardiology,29,High
2026-05-08 16:56:40.959988,146,127,19,42,15,ICU,ICU,19,High
2026-05-09 11:43:30.028563,238,169,69,17,11,Emergency,Cardiology,10,Low
2026-05-10 00:31:32.196931,93,92,1,41,17,ICU,Surgery,3,High
2026-05-03 11:30:10.817583,273,90,183,40,22,General,Cardiology,34,Medium
2026-05-03 11:08:27.535777,127,43,84,14,6,General,Surgery,32,High
2026-05-18 17:49:35.263056,187,48,139,20,16,ICU,ICU,26,Low
2026-05-09 13:21:42.965661,87,47,40,42,28,Neurology,ICU,15,High
2026-05-20 10:27:37.673597,182,113,69,10,10,ICU,Emergency,30,Low
2026-04-30 22:38:52.401695,139,124,15,13,8,Neurology,Emergency,23,Low
2026-05-10 14:52:48.333287,117,53,64,35,21,General,ICU,28,Low
2026-04-30 15:19:10.722996,129,89,40,32,14,General,ICU,18,Medium
2026-05-04 02:31:29.936945,246,177,69,27,9,General,Surgery,32,Low
2026-05-06 07:58:34.196917,50,47,3,44,5,Neurology,ICU,25,Medium
2026-05-18 19:16:24.613124,169,56,113,16,8,Neurology,ICU,15,Low
2026-05-05 02:05:56.495638,178,107,71,45,7,Cardiology,Cardiology,9,Low
2026-05-14 17:50:28.417862,98,89,9,32,24,Neurology,Surgery,27,Medium
2026-05-18 07:51:56.032536,78,49,29,31,12,ICU,Surgery,28,Low
2026-04-23 06:32:47.470554,294,79,215,41,31,ICU,Cardiology,26,Low
2026-05-10 22:09:21.588892,168,90,78,43,26,General,Cardiology,19,High
2026-05-17 06:05:14.233560,152,33,119,44,24,Cardiology,ICU,5,Medium
2026-05-18 12:29:42.127420,174,56,118,14,12,Cardiology,Cardiology,31,Low
2026-05-01 12:12:18.993814,290,223,67,38,13,General,Cardiology,37,Low
2026-05-13 12:42:31.276262,162,45,117,36,16,Emergency,Cardiology,15,Low
2026-05-16 04:28:31.886993,148,35,113,36,19,Emergency,ICU,0,Low
2026-05-20 13:37:11.040554,67,41,26,42,31,ICU,Surgery,17,High
2026-04-25 21:27:16.760999,56,27,29,17,17,ICU,Surgery,31,High
2026-05-15 05:15:11.625257,135,34,101,25,16,General,Surgery,30,Medium
2026-05-21 00:31:39.040345,94,80,14,20,7,ICU,Emergency,32,Low
2026-05-07 09:28:35.483233,139,67,72,32,21,General,ICU,28,Medium
2026-05-09 03:46:05.067935,282,181,101,48,32,Emergency,ICU,4,Low
2026-05-11 23:15:19.542850,155,103,52,35,7,Emergency,ICU,17,Medium
2026-05-11 14:44:11.944541,168,124,44,16,15,General,Emergency,28,Low
2026-05-05 22:27:20.060622,220,160,60,48,39,Emergency,Surgery,29,High
2026-05-01 02:52:56.910174,282,239,43,33,29,General,Emergency,36,Low
2026-05-04 11:27:21.169820,299,283,16,37,7,Neurology,Surgery,15,Low
2026-05-12 19:05:08.801797,300,222,78,47,44,General,Emergency,29,High
2026-05-10 02:35:55.094786,260,80,180,50,33,Neurology,Emergency,18,Low
2026-05-09 09:19:20.260577,74,42,32,40,23,General,Surgery,4,Low
2026-04-25 22:08:28.417202,203,151,52,17,9,General,Cardiology,31,Medium
2026-05-01 09:41:31.989246,117,49,68,39,5,ICU,Surgery,32,Low
2026-05-08 12:05:05.724864,88,64,24,10,8,ICU,Surgery,2,High
2026-04-28 13:16:57.962658,284,76,208,48,10,Neurology,Emergency,9,Medium
2026-05-12 16:57:38.749932,132,39,93,46,35,Cardiology,Cardiology,19,Medium
2026-05-20 08:30:36.928647,235,54,181,29,28,Emergency,ICU,37,High
2026-05-12 22:43:26.007457,246,101,145,47,8,Cardiology,Surgery,30,High
2026-05-19 18:27:58.720543,119,61,58,34,14,Cardiology,Surgery,40,Medium
2026-05-08 11:37:50.275634,116,64,52,30,22,Emergency,Cardiology,20,Medium
2026-05-05 14:06:10.887619,275,271,4,28,11,Emergency,Emergency,35,Low
2026-05-03 00:44:28.444825,205,61,144,34,10,Emergency,Surgery,32,Medium
2026-04-28 23:06:35.575027,174,173,1,29,25,General,Emergency,12,High
2026-05-02 18:50:56.500098,114,96,18,35,21,ICU,Cardiology,16,High
2026-05-01 20:34:16.686769,296,41,255,24,19,Neurology,ICU,33,Low
2026-05-04 02:17:23.760717,57,39,18,11,10,ICU,Emergency,30,High
2026-05-01 18:16:47.326520,95,56,39,45,32,ICU,Surgery,19,Medium
2026-05-06 11:02:43.418950,120,23,97,50,23,General,ICU,10,High
2026-04-25 13:39:53.018653,209,166,43,14,13,Neurology,Surgery,22,Low
2026-05-06 13:06:00.972449,223,79,144,41,9,Emergency,Cardiology,21,Low
2026-05-04 20:27:22.511916,151,47,104,27,27,ICU,Emergency,23,High
2026-05-09 09:03:11.520755,117,46,71,10,9,Cardiology,Surgery,36,High
2026-05-06 09:04:51.262389,119,37,82,48,42,General,Surgery,10,High
2026-05-21 14:54:46.615565,105,86,19,29,29,General,Cardiology,14,High
2026-04-25 19:07:11.935601,91,37,54,34,8,Cardiology,Cardiology,27,Medium
2026-05-14 13:56:20.744181,178,119,59,40,6,Neurology,Cardiology,11,High
2026-04-26 12:50:46.639935,108,23,85,46,28,Emergency,Emergency,22,Medium
2026-05-08 08:07:40.307733,222,121,101,19,14,Cardiology,Surgery,37,Medium
2026-05-11 17:16:20.593288,237,28,209,47,36,General,Emergency,15,Medium
2026-05-15 23:59:14.185496,52,33,19,41,7,ICU,Cardiology,27,Low
2026-05-11 05:03:37.160644,78,73,5,29,17,Emergency,Emergency,4,Low
2026-05-07 08:39:34.303812,211,124,87,46,17,Emergency,ICU,35,Medium
2026-04-24 21:08:41.179948,217,152,65,32,18,Cardiology,Surgery,26,Low
2026-05-07 17:22:01.432819,209,57,152,26,25,Emergency,Surgery,31,Low
2026-05-05 14:20:25.638153,218,191,27,41,34,General,Cardiology,38,Medium
2026-05-07 23:31:47.650224,133,100,33,16,11,Cardiology,Surgery,15,Low
2026-05-16 06:52:53.878156,156,144,12,10,6,Neurology,ICU,35,High
2026-05-01 08:55:06.695503,253,162,91,16,9,ICU,Cardiology,8,Low
2026-04-30 17:22:27.703720,205,180,25,48,22,Neurology,Emergency,22,High
2026-05-05 08:14:56.781723,284,146,138,26,22,Cardiology,Surgery,16,Low
2026-05-14 20:45:31.716335,186,116,70,20,13,Emergency,Surgery,26,High
2026-05-05 03:19:01.850189,248,85,163,26,19,Cardiology,Cardiology,20,Medium
2026-04-26 19:22:54.771701,161,151,10,21,15,Neurology,Surgery,14,Medium
2026-05-19 02:12:22.864646,61,21,40,50,30,ICU,ICU,8,Medium
2026-05-19 03:53:56.626720,247,154,93,29,7,Neurology,ICU,32,Medium
2026-05-06 00:26:01.801667,158,72,86,36,32,ICU,ICU,18,High
2026-05-14 04:55:35.298665,221,207,14,28,21,Cardiology,Emergency,32,Medium
2026-05-21 05:19:07.190640,146,31,115,40,9,Cardiology,Emergency,10,High
2026-05-18 02:17:13.706490,74,35,39,41,27,Cardiology,ICU,30,High
2026-04-22 20:23:43.970520,181,103,78,20,12,ICU,Cardiology,32,Low
2026-04-30 10:33:02.283476,134,37,97,33,16,Cardiology,Cardiology,33,Medium
2026-05-16 17:12:37.785570,97,42,55,38,9,ICU,ICU,34,Low
2026-05-09 16:08:15.287338,162,115,47,44,9,Cardiology,Surgery,38,High
2026-05-02 17:01:51.811896,60,21,39,15,13,Emergency,Surgery,1,Medium
2026-05-19 22:04:48.926369,220,201,19,14,7,ICU,Emergency,24,Low
2026-05-18 03:41:30.598484,114,94,20,45,39,Neurology,Cardiology,26,Medium
2026-04-27 16:42:01.974408,90,58,32,19,13,Emergency,Cardiology,19,Medium
2026-05-19 04:55:55.965417,50,27,23,31,29,Neurology,Emergency,10,High
2026-05-19 03:56:29.074107,229,95,134,45,26,General,Cardiology,16,High
2026-05-15 10:36:09.425318,246,85,161,25,12,Emergency,Surgery,25,Medium
2026-04-26 14:33:26.381569,184,44,140,39,25,ICU,Cardiology,14,Medium
2026-04-25 13:23:05.852084,51,45,6,16,11,Emergency,Emergency,37,Low
2026-04-27 08:50:48.099096,170,77,93,12,12,Emergency,Emergency,30,Low
2026-04-27 10:21:44.719547,181,110,71,23,16,Cardiology,ICU,38,Low
2026-05-02 18:56:28.026432,79,35,44,16,7,Emergency,Surgery,30,Medium
2026-05-13 21:54:24.805733,183,144,39,34,19,Neurology,Cardiology,5,High
2026-05-04 13:44:49.212459,255,109,146,41,27,General,Surgery,31,High
2026-04-26 01:10:14.181851,179,125,54,35,29,Emergency,ICU,29,High
2026-05-22 16:31:42.201607,89,83,6,42,31,Emergency,Emergency,8,High
2026-04-24 21:11:13.063847,152,99,53,29,25,Neurology,Cardiology,13,High
2026-05-16 03:40:22.774256,199,136,63,19,8,ICU,Cardiology,12,High
2026-05-10 11:47:00.055559,121,104,17,50,12,General,ICU,24,Low
2026-05-10 15:18:52.814435,101,61,40,38,32,Emergency,ICU,19,Low
2026-05-18 10:08:41.347231,77,40,37,38,7,Cardiology,ICU,25,High
2026-05-01 01:42:49.687796,127,127,0,48,46,Neurology,Cardiology,20,Low
2026-04-28 08:55:20.156973,140,114,26,44,29,General,ICU,14,Medium
2026-05-15 22:51:14.857271,210,111,99,11,9,ICU,Surgery,38,Low
2026-05-09 15:03:33.713436,127,72,55,43,40,ICU,Cardiology,23,Medium
2026-05-16 00:54:49.053805,160,104,56,21,17,Cardiology,ICU,32,Medium
2026-05-05 03:10:47.916896,196,185,11,14,9,Neurology,ICU,34,Medium
2026-05-11 16:49:42.011059,232,185,47,16,14,Neurology,Emergency,28,Low
2026-05-08 18:56:10.387600,167,133,34,29,22,Emergency,ICU,34,Medium
2026-05-03 20:45:01.537556,100,95,5,36,5,General,Emergency,2,High
2026-05-15 10:49:59.039448,83,70,13,12,10,Emergency,Emergency,5,Medium
2026-04-28 04:41:00.238147,147,73,74,16,11,ICU,Cardiology,8,Low
2026-05-21 03:07:23.164449,201,199,2,36,33,Emergency,Surgery,32,Medium
2026-04-25 10:17:41.525007,257,53,204,10,7,Emergency,Emergency,16,High
2026-05-11 22:24:21.768672,252,213,39,24,20,Cardiology,ICU,18,High
2026-04-29 19:48:53.167424,224,149,75,23,10,Neurology,Cardiology,35,Low
2026-05-16 17:42:18.655535,193,40,153,28,20,Neurology,ICU,18,Low
2026-04-24 05:55:18.447456,198,146,52,35,35,Emergency,Surgery,34,High
2026-05-12 22:22:00.002991,171,149,22,14,14,General,Surgery,1,Medium
2026-05-11 03:16:04.216082,188,107,81,14,14,Neurology,Cardiology,0,Low
2026-05-07 08:37:33.737159,188,108,80,22,11,ICU,Emergency,10,High
2026-04-28 16:40:34.831638,156,146,10,43,10,Emergency,Emergency,14,Low
2026-05-13 23:24:17.024062,176,36,140,13,12,Cardiology,Cardiology,16,Low
2026-05-02 14:45:52.850355,172,142,30,17,6,Cardiology,Cardiology,38,Low
2026-05-02 10:09:15.487764,194,168,26,34,5,Neurology,ICU,36,High
2026-05-02 15:04:03.675033,298,103,195,35,29,Neurology,Cardiology,8,Medium
2026-05-04 16:55:09.366540,293,131,162,31,24,ICU,ICU,13,Medium
2026-05-19 08:20:26.293041,245,132,113,13,10,General,Surgery,14,High
2026-04-27 02:10:42.188972,85,85,0,26,6,Neurology,Surgery,38,Low
2026-05-01 20:21:40.218685,218,135,83,34,29,Cardiology,Cardiology,20,Low
2026-05-15 09:03:34.336727,290,267,23,25,21,Emergency,Cardiology,2,Low
2026-05-22 09:28:14.853635,246,29,217,12,10,Cardiology,Emergency,39,High
2026-05-02 22:14:06.838197,152,24,128,22,16,Cardiology,Surgery,14,Medium
2026-05-06 13:11:21.789496,270,80,190,32,15,General,Cardiology,3,Low
2026-05-05 08:11:06.765430,179,147,32,32,29,ICU,Surgery,5,Medium
2026-05-05 15:05:25.395725,264,58,206,47,22,ICU,Emergency,40,Medium
2026-05-02 05:15:05.964918,270,159,111,24,15,Neurology,ICU,37,Low
2026-05-16 00:17:45.066500,115,113,2,19,6,ICU,Emergency,34,Low
2026-04-24 19:47:16.153728,179,172,7,37,8,General,Surgery,9,Medium
2026-05-09 06:50:58.994026,222,197,25,10,6,Emergency,ICU,10,Low
2026-05-22 11:45:57.636375,205,110,95,10,6,ICU,Cardiology,1,Low
2026-05-08 13:15:27.359605,201,68,133,40,30,Emergency,ICU,22,Low
2026-05-13 04:37:45.688239,237,225,12,32,14,General,Surgery,40,Low
2026-05-10 02:20:23.398456,202,34,168,46,40,Emergency,Cardiology,6,Medium
2026-05-20 18:35:31.523409,229,181,48,10,9,Cardiology,Emergency,19,High
2026-04-28 05:12:19.351794,101,24,77,12,9,ICU,Emergency,32,Low
2026-05-03 15:26:55.206192,197,142,55,23,20,ICU,Cardiology,20,High
2026-04-25 02:32:55.022974,92,48,44,14,8,ICU,Emergency,28,Low
2026-04-25 07:45:30.229620,57,41,16,29,23,Cardiology,Cardiology,39,Medium
2026-05-17 01:18:00.364431,268,145,123,33,13,Cardiology,Cardiology,9,Medium
2026-04-30 00:57:51.082886,116,41,75,25,7,Emergency,Emergency,20,Low
2026-05-05 16:05:12.073014,283,273,10,40,11,ICU,ICU,35,Medium
2026-05-05 07:39:40.765822,206,182,24,14,5,ICU,Surgery,8,Medium
2026-05-17 12:42:11.925069,144,73,71,45,39,General,Emergency,2,Low
2026-05-14 12:57:49.660839,185,180,5,31,25,Emergency,ICU,27,High
2026-05-05 04:43:46.213232,66,20,46,35,15,ICU,Cardiology,21,Medium
2026-04-28 02:19:14.887372,91,56,35,43,12,General,ICU,2,High
2026-04-24 17:15:30.964895,261,259,2,37,25,Emergency,Surgery,7,High
2026-05-14 04:13:54.717119,114,29,85,30,8,Cardiology,ICU,34,Low
2026-05-09 05:32:03.130395,298,230,68,39,5,Emergency,ICU,34,Medium
2026-04-28 15:16:33.840389,129,31,98,16,10,General,Surgery,7,Low
2026-05-14 00:55:02.109440,144,42,102,35,19,Neurology,ICU,3,Medium
2026-05-03 01:03:09.545603,118,93,25,46,21,Emergency,Surgery,37,Low
2026-04-24 06:32:50.232111,240,139,101,40,34,Neurology,Cardiology,3,High
2026-05-13 13:32:10.454770,173,168,5,38,9,Emergency,ICU,20,Low
2026-05-08 10:43:28.893938,158,141,17,28,13,ICU,Emergency,20,High
2026-05-10 00:18:25.126610,221,92,129,37,21,Neurology,Emergency,29,Medium
2026-04-28 08:55:21.341438,87,71,16,18,17,ICU,Surgery,20,Low
2026-04-26 21:05:49.193074,96,88,8,11,9,Emergency,ICU,19,Low
2026-05-14 09:53:24.697679,151,135,16,32,32,Emergency,Cardiology,39,Low
2026-05-02 10:49:17.062063,188,43,145,20,10,Cardiology,Surgery,20,Medium
2026-04-30 21:45:13.579792,146,74,72,23,13,ICU,Surgery,26,High
2026-05-04 23:32:26.336226,202,153,49,12,6,Emergency,Emergency,10,Low
2026-05-18 11:46:42.507437,151,60,91,10,10,General,Surgery,35,Low
2026-05-18 12:19:38.340104,72,48,24,20,9,Emergency,Surgery,30,Medium
2026-05-09 17:33:44.511261,278,237,41,11,8,Emergency,Cardiology,17,High
2026-05-09 14:28:56.585144,186,174,12,30,26,Emergency,Emergency,21,Medium
2026-04-28 00:47:52.766710,224,25,199,39,13,General,Emergency,6,Medium
2026-05-10 12:12:54.103611,55,30,25,22,10,Neurology,ICU,17,Medium
2026-04-23 06:34:44.332067,64,46,18,20,8,ICU,Surgery,7,High
2026-05-21 14:32:47.887137,237,213,24,15,7,Emergency,ICU,23,Medium
2026-05-16 08:29:14.276018,235,216,19,39,12,Neurology,Emergency,31,High
2026-05-13 11:38:08.559122,151,113,38,15,13,General,Surgery,1,High
2026-05-22 07:14:46.809182,281,46,235,47,44,ICU,ICU,25,Medium
2026-05-13 18:39:20.192052,213,102,111,40,23,General,Emergency,31,Low
2026-05-22 01:56:37.394543,102,20,82,26,16,General,Surgery,28,Medium
2026-05-05 00:40:26.764396,137,20,117,50,37,ICU,Surgery,29,Low
2026-04-23 02:48:20.158374,207,171,36,24,11,Cardiology,Cardiology,22,Low
2026-05-14 14:23:29.302569,239,111,128,42,32,Cardiology,Emergency,40,Medium
2026-05-07 07:00:41.137715,256,205,51,22,11,General,ICU,23,Low
2026-05-13 16:08:59.586915,222,93,129,43,10,ICU,Surgery,36,Low
2026-04-29 03:31:23.513333,284,284,0,14,10,General,Emergency,22,Medium
2026-05-22 09:26:19.513833,132,92,40,38,12,ICU,Emergency,31,Medium
2026-05-06 06:55:15.732395,126,22,104,34,7,General,Surgery,6,Low
2026-05-14 15:35:22.596299,81,80,1,37,29,General,Cardiology,17,Low
2026-05-12 12:55:17.372160,103,31,72,46,14,General,ICU,21,High
2026-04-24 04:41:10.627771,139,31,108,23,11,ICU,Surgery,36,High
2026-05-14 09:33:06.148674,115,83,32,25,24,Cardiology,Cardiology,35,High
2026-05-13 22:09:27.738095,138,74,64,26,14,Cardiology,Cardiology,23,Medium
2026-05-22 01:41:02.800599,158,49,109,41,17,Emergency,Surgery,19,Low
2026-04-23 20:00:47.297036,250,129,121,22,7,General,ICU,40,Low
2026-04-23 19:56:20.199187,144,39,105,12,11,ICU,Cardiology,8,Low
2026-04-29 13:26:09.884129,257,88,169,35,6,ICU,ICU,1,High
2026-05-03 19:36:22.760553,160,50,110,21,15,General,Emergency,40,High
2026-05-05 00:26:01.576074,98,77,21,25,10,Neurology,Emergency,31,Medium
2026-05-09 13:26:58.593548,281,189,92,17,16,Emergency,Cardiology,38,Low
2026-04-27 09:27:01.711135,189,170,19,41,38,Emergency,ICU,2,Low
2026-05-14 10:59:37.993773,125,94,31,35,30,Emergency,ICU,13,High
2026-05-10 09:42:37.623020,97,29,68,37,27,General,Emergency,17,Low
2026-05-02 02:20:59.830799,217,48,169,50,23,General,Surgery,15,Low
2026-05-06 13:22:46.282025,90,87,3,36,8,ICU,ICU,5,High
2026-05-07 11:15:42.255026,279,48,231,11,9,General,Emergency,28,Medium
2026-05-13 16:31:02.704145,153,140,13,29,29,ICU,ICU,38,Low
2026-04-30 04:08:41.581894,179,115,64,18,10,Neurology,ICU,0,Medium
2026-05-05 22:53:08.892317,157,106,51,30,10,Cardiology,Cardiology,14,Medium
2026-05-02 08:22:39.343260,297,113,184,24,14,Emergency,ICU,31,High
2026-05-15 03:30:18.602983,160,31,129,46,11,General,Emergency,25,High
2026-04-24 17:01:08.396690,277,98,179,30,11,Emergency,ICU,37,Medium
2026-05-20 01:48:07.079601,249,46,203,38,9,Neurology,Emergency,18,High
2026-05-10 22:58:22.003636,123,50,73,43,28,General,Cardiology,19,High
2026-05-11 09:35:11.919001,104,29,75,27,18,General,Emergency,39,Low
2026-05-14 00:09:29.031374,299,151,148,21,18,General,Cardiology,38,Low
2026-04-22 18:52:15.267949,158,111,47,24,20,General,Surgery,39,Medium
2026-05-10 11:17:35.225323,138,53,85,34,7,Cardiology,Cardiology,24,Low
2026-04-26 11:18:39.551879,52,27,25,33,29,Neurology,ICU,14,High
2026-05-16 21:50:14.467891,285,175,110,21,12,General,Cardiology,30,Low
2026-05-16 13:03:39.798391,212,152,60,16,7,ICU,Cardiology,25,Medium
2026-04-23 00:45:09.888806,283,185,98,17,7,Emergency,ICU,18,Low
2026-05-12 03:24:01.098144,258,185,73,21,12,Emergency,Emergency,36,Medium
2026-05-10 15:00:20.613648,283,119,164,12,5,Emergency,ICU,19,Medium
2026-05-04 19:12:13.218584,243,162,81,26,9,ICU,Cardiology,37,High
2026-05-15 17:32:48.804892,286,188,98,50,34,Cardiology,ICU,16,High
2026-05-11 01:41:30.935246,61,32,29,30,6,ICU,ICU,32,Low
2026-05-21 09:55:43.047882,75,62,13,34,21,Cardiology,Emergency,34,High
2026-05-02 04:14:44.887173,157,112,45,44,9,General,Cardiology,40,High
2026-04-23 12:49:03.187780,153,75,78,49,34,Cardiology,Surgery,38,Low
2026-05-01 02:50:36.084346,138,79,59,22,10,Neurology,Cardiology,25,Low
2026-05-04 15:36:51.654898,168,81,87,20,10,Emergency,Surgery,36,Medium
2026-05-17 21:37:45.900529,160,34,126,31,23,Neurology,Emergency,5,Medium
2026-04-25 16:56:00.846098,203,152,51,41,10,Cardiology,Cardiology,3,High
2026-04-28 21:41:31.256110,132,101,31,10,9,General,ICU,39,Low
2026-04-26 23:13:34.876055,189,185,4,25,18,ICU,Cardiology,16,Low
2026-04-29 17:43:40.207890,232,129,103,13,6,Neurology,ICU,30,Medium
2026-05-17 08:52:44.027378,239,193,46,22,14,Emergency,ICU,37,Low
2026-05-17 02:46:18.748349,232,37,195,32,30,Cardiology,Emergency,0,High
2026-04-27 18:04:01.847369,277,267,10,12,5,Emergency,ICU,24,High
2026-04-29 09:03:47.464999,51,49,2,35,30,General,Surgery,38,High
2026-05-11 03:58:15.959624,262,23,239,28,18,Emergency,ICU,8,Low
2026-04-22 19:57:45.718173,71,25,46,30,16,General,Emergency,14,Medium
2026-05-16 11:04:12.482340,185,118,67,50,45,Cardiology,Emergency,15,Medium
2026-05-09 15:56:41.081005,134,96,38,41,36,ICU,Emergency,40,High
2026-05-14 02:15:06.299585,292,94,198,13,9,Neurology,Surgery,4,Medium
2026-05-22 07:38:50.149902,258,180,78,27,9,Emergency,Surgery,27,Medium
2026-04-28 16:01:30.270488,191,37,154,31,24,Cardiology,Surgery,38,Medium
2026-05-20 01:40:19.274450,272,218,54,29,9,General,Surgery,11,Medium
2026-05-16 21:56:11.058835,221,52,169,49,17,ICU,Surgery,8,Low
2026-05-18 17:42:51.716892,240,166,74,22,21,Cardiology,ICU,22,Medium
2026-05-11 23:09:47.491595,207,37,170,24,10,General,Emergency,21,High
2026-04-23 10:16:56.522327,245,116,129,11,5,Neurology,Emergency,30,High
2026-05-21 10:05:48.941984,161,48,113,23,21,Cardiology,Emergency,8,Medium
2026-05-13 06:26:39.863701,80,65,15,19,6,ICU,Emergency,10,Low
2026-04-29 00:32:54.919040,126,116,10,34,5,Cardiology,ICU,30,Medium
2026-05-11 14:36:42.153593,246,140,106,11,11,Cardiology,Cardiology,40,Medium
2026-05-22 09:19:49.137607,84,51,33,38,29,Cardiology,ICU,9,Medium
2026-05-09 06:39:47.029156,172,82,90,27,22,Emergency,Surgery,1,Medium
2026-05-10 19:19:12.310898,209,202,7,47,11,Emergency,ICU,8,Low
2026-05-20 20:57:01.944018,220,156,64,37,31,Emergency,ICU,38,Medium
2026-04-30 14:24:39.147404,249,145,104,24,22,Emergency,ICU,28,Medium
2026-04-27 12:40:11.917858,121,95,26,28,20,Cardiology,Emergency,23,High
2026-05-15 07:33:59.142794,229,52,177,24,22,General,Cardiology,6,Medium
2026-04-29 03:07:26.879496,169,57,112,28,12,Emergency,Surgery,21,Medium
2026-05-02 23:05:12.065337,89,27,62,26,17,ICU,Surgery,13,High
2026-04-23 18:08:24.901140,117,96,21,28,15,General,Surgery,7,Medium
2026-04-29 12:48:42.461354,79,61,18,11,10,Neurology,Emergency,18,High
2026-05-03 14:56:07.860492,117,71,46,31,5,Cardiology,Cardiology,11,High
2026-05-16 08:19:53.255114,165,94,71,18,11,Neurology,Surgery,40,Medium
2026-05-11 00:47:35.871775,80,59,21,34,23,General,ICU,29,Low
2026-04-22 18:48:51.187106,199,131,68,48,21,ICU,ICU,25,Medium
2026-04-29 10:25:50.449878,110,70,40,28,21,ICU,Cardiology,11,High
2026-05-06 00:40:16.218595,234,201,33,35,17,General,Emergency,39,High
2026-05-21 02:50:17.901324,282,181,101,31,15,ICU,Emergency,37,High
2026-05-21 12:51:42.620008,66,60,6,43,29,ICU,Emergency,22,High
2026-05-16 08:52:35.914945,94,91,3,48,47,General,Cardiology,19,High
2026-05-02 22:13:55.187313,282,24,258,23,23,Neurology,Cardiology,14,Medium
2026-04-23 14:18:18.132032,272,23,249,20,9,Emergency,ICU,27,Medium
2026-04-25 03:57:56.367638,66,23,43,46,7,General,Emergency,31,Low
2026-05-08 23:45:43.657365,143,69,74,29,22,Neurology,Emergency,30,High
2026-04-24 08:19:22.677014,116,112,4,44,6,General,ICU,40,Medium
2026-05-22 14:51:30.355226,132,103,29,47,17,Neurology,Surgery,10,Medium
2026-05-09 04:35:07.337113,220,212,8,39,36,General,Surgery,16,Medium
2026-05-02 16:53:48.261865,205,160,45,27,13,Emergency,ICU,15,High
2026-05-21 15:10:11.855308,227,105,122,31,22,General,Surgery,35,Low
2026-05-07 02:19:01.338926,276,187,89,29,21,General,ICU,9,Medium
2026-05-22 07:10:32.205159,121,112,9,19,8,ICU,Cardiology,34,Low
2026-05-04 17:59:23.483771,215,182,33,33,9,Neurology,Surgery,4,Medium
2026-04-23 19:56:42.317810,281,166,115,29,12,General,Emergency,5,High
2026-05-20 15:11:37.825864,271,82,189,31,14,Emergency,Emergency,22,Medium
2026-04-23 11:20:04.628832,229,93,136,45,42,Neurology,ICU,16,Medium
2026-05-19 02:46:36.062561,51,37,14,25,12,Emergency,Emergency,23,Low
2026-04-25 04:54:53.309570,235,235,0,45,45,Emergency,Surgery,2,Medium
2026-05-03 06:26:32.591963,77,41,36,31,14,Neurology,Surgery,11,Medium
2026-05-13 03:08:45.782743,236,166,70,38,11,Cardiology,Surgery,40,High
2026-05-05 10:25:28.937872,206,127,79,23,10,Neurology,Emergency,20,Low
2026-04-28 20:46:48.146036,295,279,16,30,5,Cardiology,ICU,34,Low
2026-05-11 22:55:25.187927,294,165,129,19,6,Neurology,Cardiology,40,Low
2026-04-28 20:17:34.724104,105,55,50,10,10,Cardiology,Emergency,16,Medium
2026-05-03 21:39:48.970607,169,132,37,41,26,ICU,Surgery,33,Medium
2026-05-09 03:30:10.439651,155,53,102,38,9,Neurology,Emergency,13,Low
2026-05-17 00:46:42.519318,196,145,51,34,29,Emergency,ICU,38,Medium
2026-05-17 08:58:46.234037,175,98,77,40,22,Neurology,Cardiology,39,High
2026-05-05 02:21:07.092663,81,25,56,24,23,ICU,Surgery,7,Low
2026-05-15 23:42:12.821720,257,116,141,48,25,ICU,ICU,24,Medium
2026-04-23 03:07:59.051668,173,59,114,26,23,Emergency,Cardiology,1,Medium
2026-05-01 11:40:51.143437,119,105,14,41,33,Emergency,Surgery,37,Low
2026-04-25 22:00:07.974986,206,128,78,29,20,Neurology,Surgery,33,Low
2026-05-06 00:12:54.220347,106,70,36,24,22,Neurology,Emergency,5,High
2026-05-10 03:02:38.033495,105,83,22,33,32,Cardiology,Cardiology,39,Low
2026-05-07 19:06:04.098013,295,256,39,40,20,Cardiology,Surgery,40,High
2026-05-18 20:08:25.993581,172,151,21,30,13,General,ICU,35,Low
2026-05-11 12:21:22.900543,265,37,228,12,6,Neurology,Cardiology,22,Medium
2026-04-27 06:48:16.074888,232,107,125,40,37,General,ICU,30,Medium
2026-05-05 12:09:24.201916,73,70,3,10,7,ICU,ICU,18,Low
2026-05-07 11:57:30.664791,272,82,190,42,10,Neurology,ICU,30,Medium
2026-05-10 07:57:01.143799,77,35,42,31,12,Emergency,Cardiology,13,Low
2026-04-25 08:48:37.183410,182,141,41,46,23,Emergency,Emergency,13,Medium
2026-05-13 11:10:02.214955,81,55,26,49,45,Emergency,Emergency,0,Medium
2026-04-25 19:31:05.423196,82,53,29,22,20,Emergency,ICU,22,Medium
2026-04-29 14:07:29.563800,255,44,211,27,23,Cardiology,Surgery,21,Low
2026-05-21 10:13:48.279769,71,30,41,12,7,Emergency,Emergency,9,High
2026-04-25 06:30:33.506575,224,48,176,26,20,Neurology,Surgery,20,High
2026-05-16 04:51:38.983048,212,175,37,33,20,General,Emergency,21,Low
2026-05-20 04:16:38.943793,94,78,16,11,11,Emergency,Surgery,9,Low
2026-04-28 10:46:42.687130,136,55,81,16,16,Neurology,Cardiology,11,High
2026-04-28 11:27:05.431228,65,43,22,35,35,Emergency,ICU,0,Low
2026-05-01 20:18:31.107952,169,159,10,17,8,Neurology,Surgery,38,Medium
2026-05-14 16:50:20.215827,255,71,184,13,7,Neurology,Cardiology,30,Medium
2026-05-22 11:51:44.371711,134,93,41,42,10,General,Surgery,29,Low
2026-04-28 15:38:08.927552,77,77,0,33,6,ICU,Emergency,40,Medium
2026-05-02 10:23:05.698313,152,145,7,35,32,General,Surgery,6,Medium
2026-05-10 14:32:09.175041,78,37,41,39,37,Neurology,ICU,15,High
2026-05-21 19:16:19.401417,202,22,180,43,26,ICU,Surgery,39,Low
2026-05-21 00:21:10.062175,128,64,64,41,26,Emergency,ICU,36,Medium
2026-05-07 19:16:36.995920,77,65,12,24,13,General,ICU,2,Low
2026-04-23 05:37:11.724475,62,44,18,38,37,ICU,Emergency,21,Low
2026-04-28 01:02:54.577981,173,77,96,50,5,Neurology,Cardiology,38,Medium
2026-05-17 21:53:42.884235,113,99,14,36,5,Emergency,Cardiology,20,Low
2026-04-29 06:38:03.044102,295,107,188,21,16,General,ICU,29,Medium
2026-05-11 02:04:25.448349,142,37,105,32,18,Cardiology,ICU,18,High
2026-05-20 17:18:12.069852,230,184,46,25,9,General,Emergency,4,Low
2026-05-16 02:34:10.212817,219,42,177,49,13,Emergency,Cardiology,3,Low
2026-04-30 23:20:10.242333,232,83,149,18,12,Cardiology,ICU,28,High
2026-05-03 00:55:31.889134,245,204,41,30,22,ICU,ICU,27,Medium
2026-04-28 02:25:43.232144,83,31,52,21,18,ICU,Emergency,1,High
2026-04-22 20:29:05.811080,188,88,100,38,16,Cardiology,Emergency,1,Medium
2026-04-28 20:34:30.950188,205,119,86,33,20,Cardiology,Cardiology,10,Low
2026-05-04 05:31:49.533182,283,277,6,47,41,ICU,Emergency,10,Medium
2026-05-16 19:10:24.346115,163,123,40,44,14,Cardiology,ICU,4,High
2026-05-14 20:41:22.313997,119,77,42,39,19,Neurology,ICU,19,Low
2026-04-24 20:56:58.909942,51,47,4,29,5,General,Cardiology,34,Low
2026-05-11 11:33:59.337047,277,172,105,21,20,Emergency,ICU,31,Medium
2026-05-09 01:15:17.279445,102,39,63,10,9,Emergency,ICU,23,Medium
2026-05-04 04:30:34.717186,193,44,149,43,23,Neurology,ICU,40,Medium
2026-04-29 01:25:04.754714,111,36,75,31,19,General,Cardiology,8,Low
2026-05-01 11:15:40.876629,133,127,6,44,20,Neurology,Cardiology,10,High
2026-05-21 06:02:07.092725,197,180,17,20,18,Neurology,Surgery,17,Low
2026-05-22 10:51:20.875098,222,58,164,39,5,ICU,ICU,30,Low
2026-05-08 12:50:59.763072,184,96,88,31,29,General,Cardiology,18,High
2026-05-14 03:43:13.103653,92,71,21,41,39,Cardiology,Emergency,21,Medium
2026-05-05 00:02:31.912991,283,181,102,15,13,ICU,Cardiology,38,Low
2026-04-24 00:57:24.626626,104,46,58,45,11,Cardiology,Cardiology,26,High
2026-05-11 04:49:02.775229,225,37,188,46,38,ICU,Surgery,10,High
2026-05-18 15:28:04.760636,58,35,23,38,29,ICU,Cardiology,25,Low
2026-05-16 03:19:30.615856,268,189,79,36,18,General,Emergency,2,High
2026-05-12 03:03:04.745874,231,65,166,41,20,General,Emergency,15,Medium
2026-05-16 03:58:04.258899,147,75,72,41,29,Emergency,Surgery,17,Low
2026-04-29 10:40:41.698113,203,164,39,35,31,Emergency,Emergency,22,High
2026-05-19 06:29:11.738404,292,56,236,10,6,ICU,Surgery,37,Low
2026-05-21 11:31:40.968203,154,102,52,30,16,Cardiology,Surgery,34,Medium
2026-04-25 20:07:25.029565,217,182,35,22,15,Emergency,Cardiology,19,Medium
2026-05-19 23:04:41.770058,53,46,7,24,7,Neurology,Emergency,12,High
2026-05-10 01:26:02.830100,195,183,12,14,14,Cardiology,Cardiology,1,Low
2026-04-30 02:47:17.576543,270,34,236,40,39,ICU,Surgery,19,Medium
2026-05-12 11:56:52.434048,124,33,91,11,7,Neurology,Emergency,37,High
2026-05-14 17:33:57.780808,86,79,7,43,7,Emergency,Cardiology,1,Medium
2026-05-17 21:06:48.898277,174,65,109,25,23,Emergency,ICU,14,Low
2026-05-03 19:47:45.820530,151,107,44,16,11,ICU,Surgery,11,High
2026-04-27 16:39:55.641279,244,162,82,30,27,ICU,Cardiology,22,Low
2026-05-04 03:13:06.198987,293,99,194,27,17,Cardiology,Emergency,28,Medium
2026-05-18 02:29:02.823078,66,41,25,31,26,General,Cardiology,8,Medium
2026-04-29 03:48:24.574148,116,76,40,16,14,Emergency,ICU,34,Medium
2026-04-26 13:04:27.947565,52,23,29,37,25,Cardiology,Emergency,26,Low
2026-05-12 06:29:24.080146,274,253,21,19,12,Neurology,Emergency,28,High
2026-04-27 07:51:57.530650,259,172,87,14,10,General,Emergency,21,Medium
2026-05-12 07:08:01.016536,179,70,109,10,6,ICU,Surgery,30,Medium
2026-05-12 11:42:03.268893,174,29,145,23,17,Cardiology,ICU,35,Medium
2026-05-12 08:34:37.992285,143,55,88,26,20,ICU,Surgery,12,High
2026-05-21 02:51:35.146322,60,24,36,28,22,Neurology,Surgery,32,Low
2026-05-19 16:28:20.845563,277,208,69,39,13,General,Cardiology,34,High
2026-05-20 19:23:06.760961,144,127,17,19,6,General,Cardiology,15,Medium
2026-05-15 13:54:51.534776,235,179,56,10,7,Neurology,ICU,38,High
2026-04-25 19:20:57.947255,286,217,69,38,31,Neurology,Surgery,4,High
2026-04-23 13:02:12.232842,185,169,16,21,18,General,ICU,18,Medium
2026-05-16 15:53:46.190505,180,148,32,27,26,Emergency,Cardiology,39,Medium
2026-05-20 01:02:48.642603,290,55,235,46,12,Neurology,Emergency,7,Low
2026-05-13 08:59:19.865493,245,240,5,43,22,Emergency,Surgery,1,Medium
2026-04-24 00:46:31.253641,174,97,77,13,13,Emergency,Emergency,23,Low
2026-05-11 19:16:33.565467,115,109,6,19,12,Emergency,ICU,16,Low
2026-05-15 08:07:58.914892,65,50,15,50,37,Cardiology,Surgery,3,High
2026-04-23 16:34:31.391792,233,85,148,49,14,ICU,ICU,12,High
2026-05-02 06:35:47.615922,173,132,41,50,26,Emergency,Cardiology,18,Low
2026-04-30 09:27:09.463074,168,107,61,43,32,General,Cardiology,5,Medium
2026-04-24 09:21:34.897836,259,99,160,45,35,Neurology,ICU,23,High
2026-05-04 11:44:33.629814,168,110,58,26,16,General,Cardiology,0,High
2026-05-08 20:16:17.272042,280,76,204,47,21,Cardiology,Emergency,8,Low
2026-05-12 00:08:00.443739,216,98,118,39,12,Emergency,ICU,32,Medium
2026-04-29 01:24:14.489145,213,129,84,10,9,Neurology,Emergency,36,Low
2026-05-13 09:15:18.549829,115,103,12,25,11,Emergency,Surgery,22,Medium
2026-05-13 05:40:01.819608,65,54,11,15,9,Cardiology,Surgery,28,Low
2026-04-27 05:10:23.888070,232,224,8,31,11,General,Emergency,29,Medium
2026-05-11 10:27:17.765161,149,73,76,50,28,Cardiology,ICU,28,Low
2026-04-23 22:49:09.152236,168,151,17,32,16,Emergency,ICU,7,Medium
2026-05-02 23:47:22.664201,181,130,51,36,27,Emergency,Emergency,9,Medium
2026-05-06 00:50:49.326158,202,142,60,34,26,ICU,Surgery,14,High
2026-05-08 00:55:16.339392,285,42,243,37,25,ICU,Cardiology,11,High
2026-04-26 16:04:25.787373,241,157,84,42,37,ICU,ICU,6,High
2026-05-02 14:12:00.133182,267,215,52,45,14,Cardiology,Emergency,25,Medium
2026-05-22 17:11:50.452737,198,130,68,27,10,ICU,Cardiology,9,Low
2026-05-02 02:40:25.532217,169,43,126,45,16,Neurology,Cardiology,19,Medium
2026-05-09 02:57:20.791053,102,60,42,33,23,Cardiology,ICU,24,Medium
2026-05-09 18:47:27.637057,96,71,25,23,16,Emergency,Surgery,32,Low
2026-05-15 13:54:13.425748,174,144,30,31,7,Neurology,ICU,34,Low
2026-05-16 06:33:14.549342,211,122,89,10,9,General,Surgery,7,High
2026-04-25 16:23:48.992929,84,56,28,33,15,Neurology,Cardiology,11,Low
2026-05-20 19:19:44.486539,264,67,197,14,6,Emergency,Surgery,7,High
2026-05-16 10:42:49.618536,223,171,52,21,19,Neurology,Cardiology,2,Medium
2026-04-23 06:15:35.807112,164,119,45,27,11,ICU,Emergency,16,Medium
2026-05-19 11:21:45.432193,287,92,195,34,18,Emergency,ICU,32,Low
2026-04-23 08:00:53.599178,199,70,129,40,29,General,Emergency,39,Low
2026-05-22 13:33:13.017870,231,101,130,23,8,Emergency,ICU,9,Medium
2026-04-24 06:58:26.864732,219,74,145,27,23,Neurology,Emergency,26,Medium
2026-04-27 23:31:38.435474,101,46,55,45,41,General,Cardiology,30,Low
2026-05-13 15:13:33.135640,271,251,20,24,14,Neurology,Emergency,17,Low
2026-04-27 20:12:27.042627,294,189,105,41,22,Cardiology,Cardiology,25,Low
2026-04-29 22:13:42.106016,86,80,6,22,17,General,Surgery,38,Medium
2026-04-24 07:38:25.201394,288,111,177,13,5,ICU,ICU,31,Medium
2026-05-08 01:40:37.590314,212,190,22,37,33,Cardiology,ICU,1,Low
2026-05-06 06:24:30.340685,63,57,6,31,25,Emergency,ICU,15,Medium
2026-05-03 11:17:50.050160,245,77,168,50,47,Emergency,Emergency,3,Medium
2026-04-23 05:29:28.964877,281,172,109,27,14,Cardiology,Emergency,12,Low
2026-04-24 12:12:20.967790,184,23,161,27,5,Emergency,Surgery,0,Medium
2026-04-27 08:59:03.048869,282,170,112,22,6,Emergency,Surgery,2,Low
2026-04-29 20:42:22.772413,79,67,12,29,13,Emergency,Emergency,18,Low
2026-05-07 15:24:18.950584,129,38,91,19,19,General,Cardiology,4,Low
2026-04-26 11:40:19.251374,172,67,105,37,34,ICU,ICU,0,Medium
2026-04-24 19:15:28.403911,261,202,59,15,14,ICU,ICU,0,Low
2026-04-24 00:01:04.930060,273,21,252,29,13,Emergency,Surgery,26,High
2026-05-13 13:38:31.926359,79,44,35,19,12,ICU,Cardiology,24,Medium
2026-05-04 01:32:18.051028,249,197,52,23,16,Emergency,Surgery,24,High
2026-05-22 09:31:06.196850,110,57,53,13,12,ICU,ICU,39,Low
2026-05-01 20:37:59.428373,281,121,160,13,7,General,Emergency,30,Medium
2026-05-14 04:43:23.011492,195,102,93,24,5,Neurology,Cardiology,35,High
2026-05-15 01:56:16.888272,176,128,48,30,16,Neurology,ICU,23,High
2026-05-07 02:28:04.224500,295,111,184,49,13,Neurology,Cardiology,37,Medium
2026-05-06 06:07:47.176768,283,108,175,24,19,ICU,Emergency,11,Medium
2026-05-08 21:20:55.680119,246,193,53,44,11,Neurology,Cardiology,29,Low
2026-04-27 10:51:50.192800,80,54,26,43,12,Cardiology,Surgery,8,High
2026-05-02 19:23:30.507174,76,29,47,47,42,ICU,Emergency,32,Low
2026-05-12 19:03:07.535922,222,66,156,29,19,ICU,ICU,32,Low
2026-05-05 20:18:33.529773,227,36,191,40,28,General,ICU,6,Low
2026-05-11 07:01:18.097986,286,147,139,39,36,ICU,Cardiology,32,Low
2026-05-10 11:05:32.205643,111,56,55,35,16,General,Cardiology,19,Medium
2026-04-24 19:36:24.524226,165,150,15,34,14,Neurology,Surgery,31,Low
2026-05-05 19:07:10.694973,224,22,202,26,26,Cardiology,Emergency,32,Low
2026-04-22 19:38:40.421403,88,49,39,11,6,Neurology,Cardiology,3,High
2026-05-15 04:11:10.887636,99,59,40,46,33,Neurology,Surgery,28,Medium
2026-05-08 05:10:11.469886,50,23,27,41,14,Emergency,Emergency,7,Medium
2026-04-23 09:23:13.117161,273,178,95,18,7,General,Emergency,20,Low
2026-05-01 18:16:31.041114,55,24,31,25,7,ICU,Emergency,9,Medium
2026-05-19 01:46:51.869571,291,124,167,12,12,Emergency,ICU,0,Medium
2026-05-06 20:48:52.269628,78,44,34,40,10,Neurology,Cardiology,34,High
2026-04-23 21:43:58.296842,50,38,12,29,25,General,Surgery,11,Medium
2026-05-16 04:25:42.797538,111,28,83,47,28,General,ICU,20,Medium
2026-04-24 23:27:55.061694,165,138,27,32,17,Neurology,Emergency,9,Low
2026-05-09 19:19:35.835332,256,99,157,29,29,Neurology,Cardiology,28,High
2026-05-20 18:29:24.533835,225,74,151,48,6,ICU,Cardiology,14,Medium
2026-05-01 05:50:24.491282,174,29,145,23,21,General,Surgery,8,Medium
2026-04-26 07:51:29.092260,212,207,5,37,16,Neurology,Cardiology,10,Low
2026-05-03 18:24:58.077828,244,114,130,20,18,Emergency,Surgery,25,Low
2026-05-05 07:47:35.813948,276,245,31,41,34,General,Emergency,13,High
2026-05-10 04:01:17.770532,87,63,24,25,18,General,Cardiology,36,High
2026-04-26 04:07:44.366685,76,31,45,10,9,Neurology,Cardiology,19,High
2026-05-12 06:06:09.261451,112,104,8,41,26,General,Cardiology,6,Medium
2026-04-25 08:06:05.316217,293,150,143,26,13,Emergency,ICU,35,High
2026-04-30 08:07:09.321852,192,106,86,49,19,General,Emergency,21,Medium
2026-05-08 13:08:02.076466,173,61,112,20,7,ICU,Cardiology,19,Medium
2026-05-09 17:47:53.483567,144,54,90,31,15,Emergency,Cardiology,5,Low
2026-04-28 14:04:11.804352,261,137,124,19,16,ICU,Emergency,32,Medium
2026-05-10 17:13:03.296322,147,106,41,45,29,Neurology,Surgery,7,Medium
2026-05-08 08:53:28.912048,97,30,67,13,12,General,Emergency,13,Low
2026-05-09 20:04:28.757699,158,112,46,48,9,Neurology,Cardiology,23,High
2026-05-20 15:01:59.962635,171,161,10,37,21,ICU,Cardiology,37,Low
2026-05-20 03:30:39.098086,244,23,221,46,33,Cardiology,Surgery,31,High
2026-05-10 07:53:45.528989,290,74,216,13,13,ICU,ICU,3,High
2026-05-01 03:34:00.363302,264,48,216,27,7,Emergency,Cardiology,33,High
2026-05-10 23:33:59.899997,177,71,106,35,11,Cardiology,Surgery,27,Medium
2026-05-18 02:34:53.319310,210,136,74,20,6,Cardiology,Emergency,38,Low
2026-04-28 00:05:01.153800,265,250,15,48,17,ICU,Surgery,36,Low
2026-05-03 23:31:52.158427,226,97,129,35,32,Cardiology,Emergency,15,Low
2026-05-05 20:14:36.196982,190,43,147,21,6,Neurology,Surgery,27,Low
2026-05-12 10:42:37.172909,224,84,140,23,6,General,ICU,4,Medium
2026-05-11 14:29:57.194659,267,106,161,35,8,Emergency,Emergency,9,Low
2026-04-28 19:59:49.747830,191,148,43,42,27,Cardiology,Surgery,6,High
2026-05-15 03:35:53.010649,233,113,120,27,27,ICU,Surgery,21,High
2026-05-08 19:26:54.240764,224,142,82,47,8,ICU,Cardiology,0,Medium
2026-05-11 08:07:49.530523,124,75,49,24,12,Cardiology,Surgery,21,High
2026-05-06 22:00:08.567729,188,41,147,35,18,Cardiology,Surgery,18,High
2026-04-29 16:53:28.714330,85,68,17,34,17,ICU,Emergency,18,Low
2026-04-29 04:25:33.802436,158,24,134,23,19,Cardiology,Emergency,18,Medium
2026-05-22 07:14:38.830215,101,97,4,41,37,General,ICU,12,Medium
2026-05-01 08:50:55.063526,193,148,45,33,31,ICU,Emergency,19,High
2026-05-04 01:48:36.800039,243,153,90,43,29,Emergency,Surgery,13,Medium
2026-04-27 08:21:34.134713,75,58,17,43,19,ICU,Emergency,22,Low
2026-05-02 22:44:13.878226,132,31,101,25,12,ICU,Surgery,23,Medium
2026-05-16 15:39:17.013758,66,47,19,44,12,Emergency,Emergency,31,Medium
2026-05-20 22:14:08.268386,83,43,40,31,21,Emergency,Cardiology,2,Medium
2026-05-18 05:26:23.007049,264,207,57,28,16,Emergency,Emergency,21,Medium
2026-05-06 03:58:38.119725,141,24,117,27,21,Cardiology,Surgery,33,Medium
2026-04-25 23:53:43.765459,82,56,26,29,10,ICU,Emergency,1,High
2026-04-25 10:55:19.868520,59,26,33,18,8,ICU,ICU,40,Low
2026-05-14 05:32:04.120204,184,100,84,48,23,Emergency,Cardiology,13,Low
2026-05-21 01:31:34.359278,279,97,182,11,9,General,Emergency,29,Medium
2026-04-25 06:17:14.815050,198,160,38,29,15,Emergency,Emergency,19,High
2026-05-06 10:23:08.139207,219,61,158,45,25,ICU,ICU,29,Medium
2026-04-24 15:14:06.964191,278,64,214,26,25,Neurology,Emergency,20,Medium
2026-04-25 02:59:37.626177,167,33,134,43,37,ICU,Emergency,19,Low
2026-05-16 22:41:07.559666,152,31,121,38,7,Emergency,Surgery,35,High
2026-04-28 15:21:41.931266,213,96,117,14,14,Emergency,Surgery,3,Medium
2026-05-06 06:40:01.790157,134,27,107,21,6,ICU,ICU,11,Low
2026-05-07 18:05:04.956441,205,179,26,20,6,ICU,Cardiology,15,Low
2026-05-18 22:31:16.178196,141,80,61,22,9,ICU,Surgery,32,Low
2026-05-08 23:20:17.238821,118,50,68,42,25,General,Cardiology,14,High
2026-05-11 13:21:45.692435,196,113,83,22,5,Emergency,Surgery,32,High
2026-04-25 11:40:24.050277,248,131,117,38,35,ICU,Emergency,5,Medium
2026-05-13 06:43:47.459890,242,139,103,24,16,General,Cardiology,31,Low
2026-04-29 14:34:46.259292,207,30,177,41,16,ICU,Cardiology,21,Medium
2026-04-24 21:04:27.520215,257,153,104,42,24,Neurology,Surgery,11,High
2026-05-03 02:57:21.045865,108,100,8,32,20,Cardiology,Emergency,2,Low
2026-05-07 20:24:05.303846,122,80,42,21,19,Emergency,ICU,26,Medium
2026-04-28 09:55:15.042722,126,35,91,50,26,Emergency,Surgery,23,High
2026-05-11 14:03:34.420827,269,269,0,11,10,ICU,Surgery,19,High
2026-05-18 02:17:18.715398,195,176,19,25,8,ICU,Emergency,1,High
2026-04-25 05:04:00.411964,211,130,81,13,13,Neurology,Surgery,15,Medium
2026-05-08 19:22:59.367718,281,261,20,38,29,Neurology,ICU,6,High
2026-05-12 22:22:45.879518,120,44,76,45,19,General,ICU,14,Medium
2026-05-04 03:10:33.476982,56,47,9,13,13,ICU,Emergency,19,Low
2026-05-18 06:00:38.407544,110,57,53,43,26,ICU,Emergency,16,High
2026-04-25 13:52:46.975595,267,253,14,18,9,Cardiology,Surgery,7,High
2026-04-22 23:28:12.421435,251,116,135,25,24,ICU,ICU,37,Low
2026-05-12 09:06:18.991110,265,165,100,26,13,ICU,ICU,15,Medium
2026-05-09 09:06:40.010063,151,73,78,18,11,Cardiology,Emergency,22,Low
2026-05-11 15:32:19.309785,172,145,27,30,23,General,Surgery,19,Medium
2026-04-30 18:21:31.904996,109,91,18,22,11,ICU,Surgery,30,Low
2026-05-13 15:33:22.915927,276,32,244,32,21,Emergency,Surgery,15,High
2026-05-19 01:47:16.640203,298,229,69,36,9,Neurology,Cardiology,24,Medium
2026-05-19 03:58:23.904836,265,93,172,10,9,Cardiology,Emergency,31,Medium
2026-05-06 14:32:09.299636,174,78,96,12,10,Neurology,Cardiology,28,High
2026-05-16 09:38:53.585461,129,52,77,42,23,Cardiology,Cardiology,1,Low
2026-05-01 16:07:06.413518,291,184,107,26,20,ICU,Cardiology,13,Medium
2026-05-04 15:06:52.165732,225,142,83,15,11,Cardiology,Surgery,2,Medium
2026-05-01 17:06:12.311254,245,86,159,49,25,General,Cardiology,8,Low
2026-05-16 20:24:55.269254,128,104,24,24,15,Neurology,Cardiology,30,High
2026-05-16 19:25:18.683115,70,49,21,14,8,General,Emergency,10,High
2026-05-22 10:36:51.687438,84,27,57,25,22,General,Cardiology,14,Medium
2026-04-27 13:23:52.472471,162,64,98,19,9,General,ICU,7,High
2026-04-28 16:13:02.686612,284,70,214,10,7,General,Cardiology,34,Medium
2026-05-17 13:57:39.512670,229,63,166,46,33,Emergency,Emergency,13,High
2026-04-23 23:02:06.636345,68,39,29,19,6,Neurology,Cardiology,21,High
2026-05-14 07:00:26.014380,108,80,28,26,7,ICU,ICU,23,High
2026-05-10 12:49:06.639850,187,167,20,22,8,ICU,Cardiology,19,Medium
2026-05-11 11:08:55.698641,256,170,86,22,10,Neurology,Cardiology,18,Low
2026-04-24 08:25:07.171138,134,110,24,26,26,Neurology,Emergency,35,Low
2026-05-16 01:22:43.055714,89,67,22,44,21,ICU,ICU,18,High
2026-05-17 21:37:49.502231,170,121,49,47,5,General,Surgery,33,High
2026-05-20 20:37:49.144741,109,91,18,33,26,Emergency,Emergency,14,Medium
2026-05-16 14:41:53.764987,192,21,171,48,34,Cardiology,Emergency,35,Medium
2026-05-13 15:38:25.590251,120,63,57,22,18,Neurology,Surgery,13,Medium
2026-05-14 16:24:35.258218,207,39,168,14,10,ICU,Emergency,28,Low
2026-05-21 17:33:20.880736,251,166,85,49,33,Cardiology,Surgery,4,Medium
2026-05-16 21:05:22.724284,154,79,75,19,10,Cardiology,ICU,29,High
2026-05-10 03:30:32.463168,227,37,190,17,12,Cardiology,Cardiology,10,Medium
2026-04-25 11:24:54.176240,151,96,55,47,35,Cardiology,ICU,27,Medium
2026-04-29 11:41:23.307156,65,35,30,41,11,Emergency,ICU,34,Medium
2026-04-23 17:42:21.309050,246,235,11,45,13,Cardiology,ICU,21,Medium
2026-05-06 18:13:05.830459,93,51,42,35,9,Emergency,Surgery,39,High
2026-05-21 07:45:25.726626,55,41,14,15,5,ICU,Surgery,4,Low
2026-05-06 15:49:44.914979,192,25,167,48,26,Cardiology,Cardiology,34,Medium
2026-05-15 08:59:40.373803,190,171,19,22,12,Neurology,Cardiology,35,Low
2026-05-17 14:56:41.825984,105,58,47,14,7,Emergency,Surgery,14,Low
2026-05-10 16:12:49.281487,172,138,34,34,26,Neurology,ICU,35,High
2026-05-20 19:54:51.022140,113,109,4,44,28,Cardiology,Cardiology,19,Medium
2026-05-10 11:58:53.649894,68,66,2,41,34,Emergency,Emergency,12,Low
2026-05-17 23:56:26.579105,156,54,102,22,22,ICU,Cardiology,25,High
2026-04-25 09:23:27.137774,187,184,3,25,15,ICU,Surgery,39,High
2026-05-09 22:20:31.810217,175,44,131,20,15,Neurology,Emergency,21,Medium
2026-05-20 05:03:35.209894,169,37,132,41,10,Neurology,ICU,29,Medium
2026-05-11 18:18:27.696831,295,46,249,17,5,Emergency,Cardiology,39,Low
2026-05-13 04:08:43.030636,122,22,100,10,8,Neurology,Surgery,22,Medium
2026-05-21 15:46:21.806723,184,100,84,37,35,Cardiology,Surgery,29,Medium
2026-04-29 12:39:55.646300,213,90,123,37,33,Cardiology,Cardiology,38,Low
2026-05-08 20:59:04.595429,141,27,114,21,16,Emergency,ICU,10,Low
2026-05-04 13:39:00.454683,272,209,63,27,27,Cardiology,Emergency,15,Low
2026-05-08 07:14:00.609803,231,172,59,19,16,Cardiology,ICU,36,High
2026-05-11 17:59:59.560271,95,35,60,16,13,Cardiology,ICU,0,Medium
2026-05-02 02:10:46.248662,169,149,20,19,8,ICU,Emergency,15,High
2026-05-19 14:05:37.421382,207,183,24,12,8,Neurology,Emergency,35,Medium
2026-05-07 19:26:33.563470,145,47,98,40,38,Neurology,Surgery,6,High
2026-05-15 12:31:53.743282,128,115,13,26,16,Neurology,Surgery,10,Low
2026-05-03 15:22:08.946499,129,42,87,15,6,General,Emergency,23,High
2026-05-21 01:10:48.237403,196,120,76,33,33,Cardiology,Emergency,6,High
2026-05-12 04:48:47.979786,134,133,1,31,31,Neurology,ICU,4,Medium
2026-05-20 07:25:21.767437,125,21,104,16,15,Neurology,ICU,27,Low
2026-05-14 16:46:54.809968,72,23,49,34,22,General,Surgery,7,Medium
2026-04-28 05:08:46.141567,245,122,123,22,14,Cardiology,Emergency,17,Medium
2026-04-28 09:53:21.143817,97,97,0,20,5,ICU,Cardiology,10,Medium
2026-05-10 23:11:49.965083,169,119,50,45,14,Cardiology,Emergency,40,Low
2026-05-04 07:46:01.963444,220,81,139,13,10,Emergency,ICU,18,Medium
2026-05-20 10:10:41.722334,195,55,140,32,32,Emergency,Cardiology,4,High
2026-05-11 23:45:38.250438,178,35,143,34,17,General,ICU,24,Low
2026-05-21 14:07:49.085593,217,72,145,14,12,General,Emergency,1,High
2026-05-07 00:03:18.972085,95,78,17,15,14,ICU,Surgery,26,High
2026-04-26 13:42:20.164730,221,127,94,37,23,Emergency,Cardiology,12,High
2026-05-03 04:01:54.714997,203,202,1,32,12,Cardiology,ICU,16,Medium
2026-05-21 15:41:18.539320,133,112,21,15,9,Cardiology,ICU,36,Low
2026-05-10 12:39:53.755385,202,125,77,23,10,ICU,Cardiology,25,Medium
2026-05-02 04:25:14.122589,167,82,85,26,8,ICU,Cardiology,35,Low
2026-04-24 06:35:32.749931,120,108,12,45,44,General,Surgery,35,Medium
2026-04-23 18:54:07.775311,135,131,4,19,19,General,Surgery,39,Low
2026-05-22 09:44:25.315889,149,69,80,48,40,Emergency,ICU,36,High
2026-04-23 07:52:35.722072,142,40,102,27,16,ICU,Surgery,34,Low
2026-05-17 16:17:16.632298,220,55,165,38,12,Cardiology,Surgery,32,Low
2026-04-26 03:54:29.721566,272,187,85,47,41,General,ICU,15,High
2026-04-30 07:51:09.337824,297,165,132,15,11,General,Emergency,28,Low
2026-04-30 18:57:06.472943,202,119,83,15,15,ICU,Surgery,39,High
2026-05-12 23:10:26.726990,149,101,48,30,17,ICU,ICU,38,Low
2026-05-16 06:38:34.947657,155,149,6,26,15,Cardiology,Cardiology,38,Low
2026-05-12 23:47:35.567934,279,141,138,42,37,General,Cardiology,39,High
2026-05-06 01:19:38.346296,127,56,71,22,10,ICU,Cardiology,0,Low
2026-05-04 21:06:28.238496,210,186,24,45,45,General,Emergency,37,Medium
2026-05-02 04:01:06.262727,79,60,19,44,14,General,Cardiology,38,High
2026-05-05 05:47:03.781480,238,21,217,27,13,General,Emergency,31,Medium
2026-05-05 19:55:28.666151,62,56,6,42,16,ICU,Emergency,37,High
2026-05-12 23:56:44.351578,150,145,5,25,18,ICU,Cardiology,34,Medium
2026-05-16 02:42:01.573949,123,117,6,42,13,Cardiology,Surgery,23,Medium
2026-05-11 13:10:10.532808,279,30,249,34,10,ICU,Emergency,28,Low
2026-04-27 02:44:55.146969,174,78,96,41,9,General,Cardiology,32,Low
2026-04-26 22:49:48.194925,75,55,20,37,26,General,Cardiology,19,Low
2026-05-17 11:51:28.691209,281,114,167,14,10,Emergency,Surgery,11,High
2026-05-04 20:43:57.995207,129,36,93,14,9,General,Surgery,24,Medium
2026-05-01 13:46:48.128309,247,222,25,26,12,General,Emergency,18,Medium
2026-05-17 20:11:43.289737,110,29,81,43,29,Emergency,Cardiology,39,Medium
2026-05-19 21:09:32.992596,255,93,162,45,27,Cardiology,Emergency,19,Medium
2026-05-21 00:31:19.034694,109,75,34,45,7,Emergency,Surgery,21,High
2026-05-11 02:41:35.126678,156,120,36,20,11,Emergency,ICU,33,High
2026-05-17 21:37:22.681417,93,64,29,33,23,Emergency,Cardiology,22,Medium
2026-04-28 09:33:08.807984,53,53,0,41,27,ICU,Surgery,13,High
2026-05-05 13:11:51.563388,276,233,43,17,6,Emergency,Surgery,7,Low
2026-05-17 03:07:28.369724,183,147,36,32,19,Neurology,Surgery,39,Low
2026-05-03 08:00:59.361378,241,148,93,41,41,Neurology,Cardiology,33,Medium
2026-05-02 20:23:01.276792,232,49,183,21,10,General,Surgery,18,Medium
2026-05-03 21:13:11.128020,193,48,145,14,12,Neurology,Surgery,2,Medium
2026-05-20 22:42:47.309683,237,197,40,35,17,ICU,Emergency,31,Medium
2026-05-19 17:05:43.337322,116,109,7,25,10,ICU,Cardiology,12,High
2026-04-30 09:17:21.000945,294,231,63,46,30,ICU,Cardiology,40,Medium
2026-05-04 12:47:45.279547,295,84,211,23,10,Neurology,Emergency,19,Medium
2026-05-07 11:17:33.246578,89,59,30,49,19,General,ICU,18,Low
2026-04-26 11:54:12.749513,190,80,110,22,16,ICU,ICU,19,Low
2026-05-04 17:20:00.149120,215,135,80,45,43,Neurology,ICU,5,High
2026-05-08 12:52:26.008528,142,119,23,46,24,Neurology,Emergency,34,Low
2026-05-08 10:26:54.150678,277,38,239,29,5,Neurology,Emergency,32,High
2026-05-16 19:08:40.654023,279,218,61,29,9,Neurology,ICU,9,Low
2026-05-07 17:02:47.094901,118,114,4,12,6,Emergency,ICU,22,High
2026-04-28 07:21:24.201963,81,62,19,12,12,Cardiology,Surgery,35,Medium
2026-05-03 22:59:32.863703,197,72,125,12,6,General,Emergency,29,Low
2026-05-15 15:42:26.964247,58,48,10,38,13,Neurology,Surgery,19,High
2026-04-30 20:58:36.039727,104,28,76,20,7,ICU,Cardiology,2,Medium
2026-04-23 09:54:21.746081,59,24,35,47,18,General,Emergency,12,Medium
2026-04-25 21:31:35.561500,255,131,124,32,17,General,Emergency,14,Medium
2026-04-25 19:19:03.848500,158,145,13,47,27,Neurology,ICU,3,Low
2026-04-23 08:29:04.774742,271,227,44,32,31,ICU,Surgery,6,Medium
2026-04-24 23:02:56.771632,259,57,202,23,18,Cardiology,Cardiology,33,Medium
2026-04-30 19:10:32.686929,226,50,176,10,10,General,Emergency,13,Medium
2026-05-03 11:05:58.615979,52,37,15,41,10,General,Cardiology,10,Medium
2026-05-17 14:33:16.807352,150,95,55,19,12,ICU,ICU,26,Low
2026-05-12 12:25:03.116302,275,47,228,27,25,ICU,ICU,37,High
2026-05-08 02:25:21.752490,291,42,249,26,26,General,Emergency,20,High
2026-05-04 09:12:51.708562,279,137,142,41,33,ICU,ICU,13,Medium
2026-04-24 19:05:34.850693,300,115,185,34,20,General,ICU,0,Low
2026-05-06 15:49:47.153265,287,44,243,45,12,ICU,Surgery,4,Low
2026-05-21 16:43:05.025950,106,59,47,45,10,ICU,Emergency,23,Low
2026-05-15 21:53:29.782703,66,66,0,30,6,ICU,Surgery,6,Low
2026-05-19 11:08:26.140001,74,40,34,33,18,ICU,ICU,12,Low
2026-05-21 19:10:23.021384,157,70,87,37,26,General,Surgery,14,High
2026-05-12 11:42:01.621466,175,68,107,29,24,Neurology,Surgery,17,High
2026-04-25 10:52:39.168561,89,21,68,43,14,Neurology,ICU,14,High
2026-05-11 05:37:03.556125,79,37,42,14,11,ICU,Emergency,15,Medium
2026-04-30 21:14:37.695379,130,102,28,31,11,ICU,ICU,33,High
2026-05-16 14:01:43.505919,168,93,75,43,25,Cardiology,Cardiology,0,High
2026-05-17 05:42:39.501501,208,119,89,12,8,Neurology,ICU,11,High
2026-05-17 01:25:36.923275,65,44,21,10,9,ICU,Cardiology,10,Medium
2026-04-26 17:36:25.673131,79,64,15,39,21,ICU,Emergency,30,High
2026-05-11 12:23:32.956467,95,32,63,30,26,Emergency,Surgery,32,Medium
2026-05-13 10:07:09.853723,269,22,247,36,18,Emergency,Emergency,33,Low
2026-05-07 06:24:09.650018,201,173,28,16,9,Emergency,ICU,3,Medium
2026-05-16 00:22:27.012439,247,152,95,37,25,Neurology,Cardiology,5,Low
2026-05-08 13:13:27.029211,201,156,45,29,8,Neurology,Cardiology,25,Low
2026-05-09 11:14:51.825798,170,97,73,39,20,General,Surgery,2,Low
2026-04-24 02:46:34.810832,70,39,31,23,13,Cardiology,ICU,17,High
2026-05-03 22:03:12.881308,249,102,147,38,28,General,Surgery,32,Medium
2026-04-23 15:30:35.157934,147,141,6,21,11,General,Emergency,8,Medium
2026-05-21 13:48:50.881149,269,178,91,15,15,Emergency,Emergency,17,Medium
2026-05-12 09:55:01.641196,224,205,19,47,23,Cardiology,Emergency,35,Low
2026-05-15 13:23:43.328094,54,23,31,21,19,ICU,Cardiology,1,Medium
2026-05-16 14:55:21.366826,113,36,77,49,38,Emergency,Cardiology,27,High
2026-05-09 16:28:05.990928,144,126,18,26,17,Emergency,Surgery,17,High
2026-05-21 15:03:47.136120,54,21,33,27,26,Emergency,Emergency,5,Low
2026-04-26 21:17:41.262104,150,26,124,31,25,Cardiology,Surgery,9,High
2026-04-28 02:39:04.654934,262,90,172,43,28,Neurology,ICU,3,Medium
2026-04-27 14:01:11.799836,118,108,10,39,33,Cardiology,Emergency,18,High
2026-05-13 14:52:30.372296,143,110,33,47,11,Cardiology,Emergency,40,Low
2026-04-24 14:18:11.096197,117,34,83,28,20,ICU,Surgery,7,High
2026-04-24 12:52:44.521301,61,50,11,27,10,Cardiology,Emergency,13,High
2026-05-07 11:34:47.362497,228,179,49,22,20,ICU,Surgery,27,High
2026-04-30 08:45:20.001478,51,47,4,19,8,ICU,Surgery,2,Medium
2026-04-22 20:49:00.540872,117,68,49,17,13,Emergency,Emergency,30,Low
2026-05-14 10:18:34.789353,57,45,12,23,8,General,ICU,6,Low
2026-05-15 10:23:40.498357,152,72,80,22,8,General,Surgery,14,Medium
2026-05-22 18:22:24.637578,245,85,160,30,13,Cardiology,Cardiology,28,Low
2026-05-11 04:57:16.824095,195,142,53,29,6,Neurology,ICU,12,Medium
2026-05-08 11:23:41.779748,193,123,70,12,12,Neurology,Emergency,2,High
2026-05-08 11:47:16.176193,207,30,177,26,26,Emergency,Surgery,13,Medium
2026-05-22 12:43:44.565507,141,84,57,28,18,Emergency,ICU,15,Medium
2026-05-02 06:16:54.130263,112,86,26,44,27,General,Emergency,8,High
2026-05-22 04:41:03.583491,178,147,31,19,12,Emergency,Cardiology,21,Low
2026-04-23 14:16:38.997501,143,135,8,46,34,ICU,Emergency,33,Low
2026-05-09 00:39:45.306153,183,31,152,30,9,General,Surgery,0,Low
2026-05-06 09:04:58.562877,78,27,51,30,20,Cardiology,Surgery,10,Low
2026-05-20 17:33:24.431232,53,46,7,18,17,Neurology,ICU,13,High
2026-05-08 14:45:09.141195,290,128,162,28,13,General,ICU,1,High
2026-05-13 16:32:29.964967,212,194,18,22,5,ICU,Cardiology,11,Medium
2026-04-26 02:56:02.285090,289,190,99,39,24,ICU,Emergency,34,Medium
2026-05-13 10:42:45.247849,88,82,6,47,26,Neurology,ICU,19,Low
2026-05-21 21:25:03.660959,236,199,37,22,5,Emergency,Cardiology,18,Medium
2026-05-18 20:30:49.840899,187,108,79,41,39,Cardiology,ICU,20,Low
2026-05-17 15:33:12.311854,152,81,71,32,13,Neurology,Emergency,39,Medium
2026-05-17 21:52:15.964148,158,67,91,15,10,Neurology,ICU,10,Medium
2026-05-05 19:22:13.202873,56,47,9,16,13,ICU,Emergency,18,High
2026-05-07 11:46:38.496897,283,256,27,26,15,General,Cardiology,0,Medium
2026-04-23 03:09:04.211490,167,88,79,40,8,Neurology,ICU,36,Low
2026-05-20 13:29:30.939844,65,62,3,50,14,Neurology,Emergency,17,Low
2026-05-03 16:47:10.124036,89,67,22,10,8,Emergency,Cardiology,40,Medium
2026-05-17 23:29:54.944424,184,60,124,15,6,Cardiology,Cardiology,37,Low
2026-05-02 04:30:39.723948,94,23,71,16,13,ICU,Emergency,5,Low
2026-05-20 02:52:33.519354,81,52,29,50,28,Cardiology,ICU,4,High
2026-05-06 23:42:46.321991,282,197,85,22,21,Neurology,Emergency,1,High
2026-05-07 07:31:10.579529,254,137,117,30,17,General,ICU,2,Medium
2026-05-13 18:32:32.385538,56,49,7,32,8,ICU,Emergency,26,Low
2026-05-03 16:32:45.960557,73,53,20,39,24,General,Emergency,7,Medium
2026-05-18 10:46:36.057150,62,59,3,46,29,General,Surgery,23,High
2026-05-22 17:34:14.722553,246,54,192,46,13,Cardiology,ICU,15,High
2026-05-08 06:15:28.336500,52,34,18,15,7,ICU,Emergency,18,Medium
2026-05-22 04:54:46.958894,59,21,38,36,5,Neurology,Cardiology,32,High
2026-05-18 14:52:16.491524,165,117,48,13,13,Neurology,Cardiology,29,Medium
2026-04-30 22:16:20.777696,283,25,258,46,29,General,ICU,26,High
2026-05-16 14:31:39.190918,107,96,11,20,10,Neurology,Cardiology,14,High
2026-05-01 06:25:02.920085,262,182,80,46,5,ICU,Cardiology,17,Medium
2026-05-16 12:47:46.196870,232,83,149,16,6,Emergency,ICU,33,Low
2026-04-23 19:25:01.599993,116,73,43,25,8,Emergency,Cardiology,2,Low
2026-04-27 16:21:59.703432,150,31,119,16,14,Emergency,Surgery,1,High
2026-05-03 17:23:04.519790,117,71,46,36,19,Cardiology,Cardiology,31,High
2026-05-12 16:24:06.794277,274,198,76,30,30,Neurology,Cardiology,30,Low
2026-05-15 21:50:38.882713,269,58,211,13,11,Emergency,Emergency,39,Low
2026-05-14 17:46:12.205783,236,233,3,34,30,Emergency,Emergency,11,Medium
2026-05-19 15:31:53.463347,254,244,10,22,22,ICU,Cardiology,15,High
2026-04-26 20:16:14.832085,54,49,5,48,20,ICU,Emergency,29,Low
2026-04-24 12:49:01.516838,258,178,80,31,15,General,Surgery,17,Low
2026-04-23 09:05:59.918099,82,60,22,42,22,Cardiology,Surgery,32,Low
2026-05-08 17:41:12.111744,143,127,16,12,6,General,Emergency,4,Medium
2026-05-15 18:48:47.538920,146,78,68,19,15,ICU,Surgery,36,Low
2026-04-24 19:42:56.220215,246,37,209,30,8,ICU,Surgery,25,High
2026-05-10 20:58:06.753086,244,203,41,11,5,Emergency,Cardiology,40,Medium
2026-05-16 23:13:12.340478,110,43,67,46,9,Neurology,Emergency,30,Medium
2026-05-20 07:42:52.888988,173,26,147,21,21,ICU,Surgery,24,Medium
2026-05-04 01:03:27.411732,230,226,4,44,5,Cardiology,ICU,19,Medium
2026-05-01 02:44:09.526647,92,28,64,26,10,Neurology,Surgery,10,Low
2026-04-30 10:48:06.701370,94,41,53,10,8,ICU,Surgery,19,Low
2026-05-22 15:52:03.672038,102,70,32,18,18,Cardiology,Surgery,35,Low
2026-05-01 13:36:52.504666,239,221,18,35,5,Cardiology,Cardiology,2,Medium
2026-04-30 22:42:13.875074,111,25,86,38,16,Neurology,Surgery,0,High
2026-05-12 19:50:24.957857,239,33,206,13,6,ICU,Surgery,38,Low
2026-04-24 14:46:57.598280,153,122,31,21,7,Cardiology,ICU,14,High
2026-05-01 12:24:42.308663,64,45,19,15,11,ICU,Surgery,22,High
2026-04-27 02:37:30.130330,92,52,40,50,17,Cardiology,ICU,25,High
2026-05-18 00:30:38.892385,285,194,91,48,25,Cardiology,ICU,40,Medium
2026-05-09 11:31:29.982902,64,52,12,47,15,Emergency,Cardiology,0,Low
2026-05-20 16:49:30.510608,283,262,21,39,17,General,Surgery,8,Medium
2026-05-12 20:26:20.742759,220,56,164,33,31,ICU,Emergency,4,Low
2026-05-01 23:56:42.314155,176,108,68,11,9,Neurology,Surgery,9,Medium
2026-04-28 07:54:06.507540,103,34,69,12,5,Neurology,ICU,39,Medium
2026-04-27 01:12:33.768566,64,38,26,32,8,Cardiology,Cardiology,34,High
2026-04-23 09:02:14.763645,69,29,40,33,28,General,ICU,20,High
2026-05-22 09:16:34.288848,291,225,66,34,23,Cardiology,ICU,29,Low
2026-05-20 07:48:22.421053,253,139,114,35,11,ICU,Emergency,10,High
2026-05-20 07:53:19.083458,114,54,60,17,5,Cardiology,Emergency,36,Low
2026-04-30 04:24:02.029712,80,64,16,12,12,ICU,Surgery,35,Medium
2026-05-04 23:51:11.020852,232,177,55,41,5,Emergency,Surgery,23,Low
2026-05-22 00:01:30.784359,286,27,259,41,15,ICU,Surgery,33,Medium
2026-05-06 21:46:25.789981,128,67,61,17,9,General,Cardiology,30,Low
2026-04-30 07:13:55.284192,253,168,85,35,7,General,Surgery,27,Low
2026-05-08 11:11:19.111748,249,226,23,11,9,Neurology,Emergency,8,Medium
2026-05-20 08:43:01.066978,243,73,170,28,28,General,Emergency,25,Medium
2026-05-22 12:28:40.007408,166,117,49,42,39,ICU,Cardiology,33,High
2026-05-14 19:40:21.332204,209,48,161,32,31,General,Emergency,38,Low
2026-04-23 09:52:33.291267,170,52,118,18,17,ICU,Emergency,14,High
2026-04-29 00:38:13.998260,81,38,43,50,33,ICU,ICU,18,Low
2026-04-23 00:23:29.397068,73,21,52,24,23,Neurology,ICU,40,Medium
2026-04-23 03:00:06.453829,193,170,23,49,33,Neurology,Surgery,37,Low
2026-05-13 04:14:32.257868,91,66,25,14,14,Neurology,Emergency,10,Medium
2026-05-10 16:33:07.116019,276,206,70,47,35,General,Surgery,37,Low
2026-05-15 18:10:58.336073,291,113,178,17,7,Emergency,Emergency,28,High
2026-05-18 05:27:24.432735,178,22,156,34,24,ICU,Surgery,5,Medium
2026-05-07 09:45:47.072423,286,105,181,13,10,Emergency,Surgery,16,Medium
2026-05-09 07:56:30.600326,139,99,40,21,5,Emergency,Surgery,0,Low
2026-05-04 08:54:48.168206,55,24,31,49,36,Neurology,Emergency,14,Low
2026-05-15 04:08:30.758902,87,53,34,46,45,Emergency,Surgery,36,High
2026-05-13 08:21:20.220182,128,69,59,27,9,Neurology,ICU,3,High
2026-04-26 09:19:26.407795,144,133,11,14,12,Emergency,Surgery,20,High
2026-05-12 12:16:53.077554,183,142,41,34,24,Emergency,Emergency,21,Medium
2026-04-25 19:02:36.077734,258,186,72,47,36,Neurology,Cardiology,4,Low
2026-05-03 05:04:39.049954,110,94,16,13,6,General,Emergency,15,Low
2026-05-09 16:35:18.311787,217,123,94,22,9,ICU,Emergency,36,High
2026-05-01 14:35:34.987637,171,72,99,45,33,Cardiology,ICU,4,Medium
2026-05-18 19:49:28.319407,87,75,12,44,27,Emergency,Emergency,34,High
2026-04-24 02:56:03.553635,140,73,67,14,11,ICU,Emergency,12,High
2026-05-20 20:22:56.814659,185,94,91,43,25,Neurology,ICU,1,High
2026-04-30 10:07:44.123314,172,159,13,39,15,ICU,ICU,37,High
2026-05-14 04:17:09.764930,285,256,29,28,9,Emergency,ICU,37,Low
2026-04-26 14:22:32.392873,117,67,50,38,27,Emergency,Emergency,9,Low
2026-04-28 07:17:24.004024,173,158,15,48,20,Cardiology,Cardiology,37,High
2026-05-19 00:08:28.055196,97,53,44,34,21,Neurology,Emergency,14,Low
2026-04-23 08:38:00.554229,85,52,33,21,14,General,Cardiology,21,Medium
2026-05-02 16:18:47.527025,258,84,174,22,19,ICU,Surgery,19,Medium
2026-05-05 16:30:50.632205,140,63,77,39,5,Cardiology,Emergency,1,Low
2026-05-21 10:47:08.788015,170,115,55,50,36,Neurology,Emergency,35,High
2026-05-14 18:12:28.214916,214,212,2,30,28,Neurology,ICU,7,Low
2026-05-22 14:52:34.891895,250,142,108,43,20,ICU,Surgery,14,Medium
2026-05-03 09:41:32.696330,168,135,33,27,21,Cardiology,Cardiology,18,Medium
2026-05-12 00:02:02.930207,216,31,185,13,12,General,ICU,23,Medium
2026-05-01 03:39:56.201198,268,66,202,18,15,General,Surgery,26,Low
2026-04-27 14:01:58.351250,137,101,36,23,20,ICU,Cardiology,6,Low
2026-05-21 04:31:06.136722,265,57,208,32,29,General,Surgery,2,Low
2026-04-23 16:35:11.245675,276,83,193,12,7,ICU,Emergency,21,Low
2026-05-21 13:38:12.936453,167,69,98,28,27,Emergency,ICU,14,Low
2026-05-22 18:01:15.258159,211,176,35,41,24,Neurology,Cardiology,28,High
2026-04-25 04:34:05.634109,221,161,60,42,6,Emergency,ICU,35,High
2026-05-08 06:14:23.281069,134,27,107,10,5,General,Emergency,20,Low
2026-04-28 14:21:51.326977,172,37,135,35,24,General,Surgery,1,Medium
2026-04-30 13:19:53.641415,263,211,52,27,23,ICU,Cardiology,13,High
2026-05-15 03:36:49.465576,151,22,129,23,6,General,Surgery,40,Low
2026-05-04 07:57:53.443546,178,51,127,29,7,ICU,ICU,28,Medium
2026-04-24 17:51:09.270878,170,38,132,28,8,General,Surgery,38,High
2026-05-20 05:59:09.415289,76,69,7,33,28,General,ICU,4,Medium
2026-05-05 14:05:55.258013,203,177,26,43,30,Emergency,ICU,37,Medium
2026-05-07 09:29:20.293077,133,41,92,33,23,Cardiology,Cardiology,8,Medium
2026-05-17 18:10:55.235156,62,40,22,43,13,Emergency,Cardiology,28,Low
2026-05-05 11:13:13.689736,81,40,41,22,10,Emergency,Emergency,18,Medium
2026-05-20 15:15:02.372464,66,59,7,24,13,Cardiology,Emergency,18,High
2026-04-24 02:50:05.592521,242,208,34,18,12,General,Emergency,15,Low
2026-05-16 02:24:28.977736,272,130,142,36,22,Emergency,Cardiology,12,High
2026-05-19 12:51:47.705048,58,30,28,49,46,General,ICU,9,Medium
2026-05-19 17:48:14.777426,159,84,75,41,9,Neurology,Cardiology,19,Low
2026-05-06 07:25:56.198747,264,124,140,47,39,Emergency,ICU,17,High
2026-05-05 23:14:18.202583,282,156,126,43,39,Emergency,Emergency,5,Low
2026-05-20 14:11:15.811809,245,194,51,40,11,Neurology,Cardiology,33,High
2026-05-04 20:34:07.724380,239,107,132,28,26,Emergency,ICU,33,High
2026-05-02 00:41:20.835901,92,60,32,12,5,Neurology,Emergency,31,Low
2026-04-24 10:40:39.405915,286,274,12,18,11,Neurology,Emergency,36,Low
2026-05-03 21:43:28.730382,57,26,31,24,14,Neurology,Cardiology,39,High
2026-05-03 11:15:22.535422,160,38,122,49,11,General,Surgery,37,Low
2026-05-22 11:56:34.397061,86,49,37,12,12,ICU,Emergency,30,Low
2026-05-16 11:10:07.791099,252,99,153,38,38,General,Surgery,32,Medium
2026-04-26 14:36:15.588632,117,110,7,27,10,Emergency,Emergency,2,Low
2026-05-15 15:10:16.417734,58,24,34,42,31,Cardiology,Cardiology,33,Medium
2026-05-19 11:58:22.963410,234,99,135,12,12,ICU,Cardiology,35,Medium
2026-05-12 19:32:59.630940,164,100,64,23,12,ICU,Emergency,6,Medium
2026-04-24 21:06:48.649740,149,127,22,29,15,Emergency,Emergency,4,High
2026-05-09 11:57:52.338628,187,149,38,24,5,General,Cardiology,17,High
2026-05-09 18:09:47.786960,232,27,205,22,14,Cardiology,Cardiology,32,High
2026-04-30 20:19:39.107945,204,195,9,28,23,Neurology,Surgery,16,High
2026-05-15 11:06:20.286148,295,215,80,48,30,ICU,ICU,17,Medium
2026-05-15 15:08:02.604405,157,156,1,17,6,General,Cardiology,28,High
2026-05-02 04:26:57.152636,196,54,142,13,6,Emergency,Emergency,21,High
2026-05-12 05:05:30.237680,193,153,40,37,16,Cardiology,Surgery,37,Low
2026-05-21 12:58:49.160744,287,119,168,12,6,Emergency,ICU,4,High
2026-05-20 22:42:49.918111,147,71,76,16,13,General,Cardiology,37,High
2026-05-17 13:38:16.088801,252,30,222,24,6,General,ICU,7,Low
2026-05-21 11:41:29.560979,105,88,17,14,5,Cardiology,Surgery,37,High
2026-05-22 04:12:47.500390,196,157,39,12,8,ICU,Emergency,16,Medium
2026-05-15 10:06:46.658415,236,224,12,21,20,Neurology,Emergency,31,Low
2026-05-05 20:43:18.848989,130,90,40,36,33,General,ICU,27,Low
2026-04-26 10:43:26.147733,58,41,17,16,5,Emergency,Emergency,35,Medium
2026-05-04 18:05:07.871676,56,41,15,36,23,Emergency,Emergency,15,Medium
2026-05-05 19:31:08.704614,105,39,66,28,10,Neurology,Surgery,25,Medium
2026-05-02 10:28:16.640035,161,149,12,38,12,Neurology,Cardiology,39,Low
2026-05-18 21:08:36.626179,257,106,151,43,11,General,ICU,31,Medium
2026-04-28 18:00:50.153391,152,72,80,35,28,General,Emergency,27,High
2026-05-17 10:37:56.122193,161,122,39,43,20,Neurology,Cardiology,16,Low
2026-05-02 12:28:24.866093,116,69,47,10,5,Cardiology,Emergency,25,Low
2026-05-05 02:41:08.520521,206,70,136,46,26,ICU,Surgery,24,High
2026-05-06 19:22:13.671710,73,26,47,42,35,ICU,Cardiology,14,Low
2026-05-18 05:53:41.899813,85,57,28,19,11,Neurology,ICU,30,Medium
2026-04-28 23:02:37.742032,287,66,221,26,10,ICU,Surgery,35,High
2026-04-23 12:09:17.522490,273,194,79,38,24,Cardiology,Surgery,28,High
2026-04-29 06:47:32.015217,136,80,56,21,11,Neurology,ICU,20,Low
2026-05-19 14:43:00.735610,228,50,178,22,7,Neurology,Surgery,39,Medium
2026-04-28 12:32:54.037818,242,120,122,42,14,Neurology,ICU,18,Low
2026-05-17 05:25:07.963580,72,38,34,12,12,ICU,ICU,1,High
2026-04-28 09:38:27.193615,113,103,10,19,14,Emergency,Emergency,38,Low
2026-05-12 11:42:51.844204,210,186,24,28,19,Cardiology,Emergency,23,Low
2026-05-20 19:15:48.180079,107,41,66,15,6,Cardiology,Emergency,33,Low
2026-05-19 18:49:05.544077,276,123,153,28,19,Neurology,ICU,31,Low
2026-05-03 11:48:37.497414,269,125,144,20,8,Emergency,Surgery,11,Low
2026-05-12 18:07:17.289745,191,82,109,24,18,Neurology,Cardiology,21,Medium
2026-05-19 10:12:39.216000,88,56,32,31,24,Cardiology,ICU,22,High
2026-05-06 06:30:34.130961,61,50,11,28,10,Cardiology,ICU,18,Low
2026-05-16 01:35:13.020085,277,135,142,44,8,Cardiology,Surgery,3,High
2026-05-15 08:30:01.882665,215,151,64,46,28,ICU,Surgery,9,Medium
2026-05-02 12:49:43.806550,247,72,175,23,14,General,ICU,5,Medium
2026-04-24 04:07:56.505434,201,81,120,28,5,Neurology,Cardiology,37,Medium
2026-04-26 03:20:22.343048,86,71,15,44,23,Cardiology,Surgery,25,Medium
2026-05-04 10:30:02.781290,148,98,50,38,6,Cardiology,ICU,15,High
2026-05-15 22:17:02.160249,220,195,25,19,19,ICU,Cardiology,12,Low
2026-05-21 06:00:19.169026,296,84,212,42,13,General,Cardiology,20,Medium
2026-04-23 02:21:38.131415,217,63,154,27,10,Emergency,Cardiology,15,Low
2026-05-12 10:59:54.243842,109,86,23,45,11,Cardiology,Cardiology,33,Low
2026-05-16 17:10:01.456854,250,24,226,40,36,Cardiology,Surgery,5,High
2026-04-27 22:36:19.398999,283,115,168,16,16,Cardiology,Cardiology,12,High
2026-05-14 16:04:22.489049,79,63,16,32,23,ICU,ICU,6,High
2026-05-21 04:52:07.101650,139,69,70,48,8,Cardiology,ICU,24,Medium
2026-05-05 02:27:09.438531,88,61,27,46,16,Cardiology,Cardiology,31,High
2026-04-22 20:28:46.762234,255,97,158,50,8,Cardiology,Emergency,38,Medium
2026-05-18 13:06:24.518860,289,24,265,34,11,Cardiology,Surgery,38,High
2026-05-15 01:51:06.794049,250,159,91,31,8,Cardiology,ICU,36,High
2026-05-14 21:33:18.513125,132,85,47,12,8,ICU,Cardiology,7,Low
2026-05-03 00:46:06.855121,67,20,47,47,10,Emergency,ICU,40,Medium
2026-05-09 06:10:01.041625,156,129,27,19,13,General,ICU,33,Low
2026-05-01 11:03:28.624602,126,102,24,25,19,Neurology,Surgery,22,Medium
2026-04-28 07:33:30.029396,50,30,20,43,38,Cardiology,ICU,17,Medium
2026-05-04 20:40:51.844712,84,75,9,16,6,Emergency,Surgery,22,High
2026-05-01 13:21:11.744332,72,38,34,17,15,Neurology,ICU,36,High
2026-05-03 16:31:49.392422,280,189,91,46,29,Emergency,Cardiology,22,High
2026-04-27 09:18:08.838905,252,178,74,24,17,Cardiology,Surgery,15,Medium
2026-05-14 18:02:08.205078,59,48,11,16,11,Emergency,ICU,27,High
2026-05-19 06:38:05.998566,79,35,44,10,6,Neurology,Emergency,36,High
2026-04-26 16:55:32.896722,187,142,45,22,15,ICU,Cardiology,20,Medium
2026-04-23 01:23:18.672431,81,27,54,11,6,Emergency,Emergency,12,Medium
2026-05-07 17:22:24.801699,262,177,85,20,9,General,ICU,18,Low
2026-05-04 09:47:02.668871,273,38,235,17,10,Neurology,ICU,15,Medium
2026-05-16 13:53:06.226426,104,72,32,31,18,Neurology,ICU,38,High
2026-05-04 23:24:45.758179,157,75,82,45,26,Neurology,ICU,32,Low
2026-05-09 04:21:24.472892,209,151,58,42,35,Neurology,ICU,34,Low
2026-04-27 09:45:50.847359,66,57,9,34,20,Emergency,Emergency,30,Medium
2026-04-24 20:24:57.816285,62,35,27,21,19,Emergency,Surgery,0,Medium
2026-05-04 18:23:31.643672,255,54,201,30,26,ICU,Emergency,5,Low
2026-05-20 06:37:32.763742,257,172,85,28,27,Cardiology,Emergency,26,Low
2026-05-21 11:09:05.937992,229,67,162,18,11,Cardiology,Surgery,12,Low
2026-04-25 18:22:57.621000,145,61,84,17,7,General,ICU,34,High
2026-05-06 05:03:04.921414,293,123,170,50,26,Cardiology,ICU,30,Medium
