Staff_ID,Staff_Role,Department,Shift_Start,Shift_End,Patients_Assigned,Overtime_Hours,Availability
STAFF00001,Ward Boy,Neurology,2026-04-24 22:53:36.044232,2026-04-25 10:53:36.044232,9,4,Available
STAFF00002,Ward Boy,Surgery,2026-05-09 13:09:57.395222,2026-05-09 19:09:57.395222,2,3,On Leave
STAFF00003,Technician,Cardiology,2026-05-02 10:03:12.771309,2026-05-02 16:03:12.771309,9,0,On Leave
STAFF00004,Nurse,Cardiology,2026-05-12 16:03:20.402758,2026-05-13 02:03:20.402758,6,6,Busy
STAFF00005,Nurse,Surgery,2026-05-12 06:50:41.626997,2026-05-12 14:50:41.626997,16,3,Busy
STAFF00006,Receptionist,Surgery,2026-05-05 01:37:07.104558,2026-05-05 11:37:07.104558,15,5,On Leave
STAFF00007,Doctor,Emergency,2026-05-11 06:39:59.731919,2026-05-11 18:39:59.731919,17,3,On Leave
STAFF00008,Technician,ICU,2026-05-16 12:05:07.405674,2026-05-16 22:05:07.405674,13,3,On Leave
STAFF00009,Nurse,Cardiology,2026-05-01 17:37:05.940783,2026-05-02 03:37:05.940783,14,4,Busy
STAFF00010,Doctor,Emergency,2026-05-15 02:07:51.335959,2026-05-15 10:07:51.335959,6,6,On Leave
STAFF00011,Doctor,ICU,2026-05-17 13:14:47.602311,2026-05-17 19:14:47.602311,7,0,Available
STAFF00012,Ward Boy,Surgery,2026-04-26 05:21:29.905493,2026-04-26 15:21:29.905493,6,1,On Leave
STAFF00013,Ward Boy,ICU,2026-05-03 19:11:14.600140,2026-05-04 07:11:14.600140,12,6,On Leave
STAFF00014,Receptionist,Cardiology,2026-05-07 22:06:18.669464,2026-05-08 10:06:18.669464,19,2,On Leave
STAFF00015,Doctor,Cardiology,2026-05-03 16:43:45.338431,2026-05-04 04:43:45.338431,2,0,Available
STAFF00016,Receptionist,Neurology,2026-05-02 13:35:56.763864,2026-05-02 23:35:56.763864,11,1,On Leave
STAFF00017,Nurse,Neurology,2026-04-26 07:56:18.273626,2026-04-26 19:56:18.273626,10,1,Busy
STAFF00018,Technician,Neurology,2026-05-05 19:47:04.950842,2026-05-06 03:47:04.950842,1,2,Available
STAFF00019,Ward Boy,Surgery,2026-05-21 14:48:54.377067,2026-05-22 00:48:54.377067,4,0,On Leave
STAFF00020,Ward Boy,Neurology,2026-05-09 22:18:56.663179,2026-05-10 04:18:56.663179,14,3,On Leave
STAFF00021,Technician,ICU,2026-04-25 03:58:17.058232,2026-04-25 11:58:17.058232,17,2,Available
STAFF00022,Technician,Emergency,2026-04-28 01:47:13.675550,2026-04-28 07:47:13.675550,12,3,On Leave
STAFF00023,Doctor,Surgery,2026-05-06 03:08:26.737286,2026-05-06 15:08:26.737286,20,2,Available
STAFF00024,Technician,Emergency,2026-05-10 16:55:46.103916,2026-05-11 04:55:46.103916,12,5,Busy
STAFF00025,Nurse,Neurology,2026-05-20 13:58:43.783268,2026-05-20 23:58:43.783268,12,0,On Leave
STAFF00026,Technician,Emergency,2026-05-15 17:57:03.217647,2026-05-16 01:57:03.217647,11,6,On Leave
STAFF00027,Ward Boy,Surgery,2026-04-28 02:46:49.962624,2026-04-28 14:46:49.962624,13,0,Busy
STAFF00028,Ward Boy,Cardiology,2026-05-21 04:17:44.730972,2026-05-21 14:17:44.730972,17,6,On Leave
STAFF00029,Technician,Surgery,2026-05-10 07:35:06.103903,2026-05-10 19:35:06.103903,14,4,On Leave
STAFF00030,Doctor,Neurology,2026-05-20 03:35:13.748808,2026-05-20 11:35:13.748808,12,6,Busy
STAFF00031,Doctor,ICU,2026-04-24 01:36:32.222048,2026-04-24 13:36:32.222048,18,6,On Leave
STAFF00032,Receptionist,Cardiology,2026-05-07 05:24:42.851134,2026-05-07 15:24:42.851134,8,3,Available
STAFF00033,Ward Boy,Neurology,2026-04-25 22:51:08.861392,2026-04-26 10:51:08.861392,2,5,On Leave
STAFF00034,Receptionist,Surgery,2026-05-05 03:13:42.513898,2026-05-05 13:13:42.513898,6,1,On Leave
STAFF00035,Technician,ICU,2026-04-29 16:42:27.464678,2026-04-30 02:42:27.464678,12,5,On Leave
STAFF00036,Ward Boy,ICU,2026-05-17 22:48:18.595780,2026-05-18 08:48:18.595780,4,1,On Leave
STAFF00037,Doctor,Surgery,2026-05-14 15:13:18.924696,2026-05-14 23:13:18.924696,15,6,Busy
STAFF00038,Doctor,Cardiology,2026-04-24 18:43:46.698720,2026-04-25 02:43:46.698720,3,5,Available
STAFF00039,Ward Boy,Emergency,2026-04-23 03:59:25.815471,2026-04-23 15:59:25.815471,9,4,Available
STAFF00040,Technician,Surgery,2026-04-30 19:00:15.808202,2026-05-01 05:00:15.808202,17,2,On Leave
STAFF00041,Technician,Neurology,2026-05-12 00:14:59.225511,2026-05-12 12:14:59.225511,6,5,Available
STAFF00042,Receptionist,Neurology,2026-05-01 20:33:10.190448,2026-05-02 06:33:10.190448,3,6,Available
STAFF00043,Nurse,ICU,2026-04-28 17:11:26.371065,2026-04-28 23:11:26.371065,14,5,Busy
STAFF00044,Technician,Cardiology,2026-05-15 23:28:10.353363,2026-05-16 07:28:10.353363,1,2,Available
STAFF00045,Receptionist,Cardiology,2026-05-19 13:51:36.139369,2026-05-19 19:51:36.139369,17,0,Available
STAFF00046,Ward Boy,Cardiology,2026-05-05 00:56:11.547809,2026-05-05 06:56:11.547809,12,0,Available
STAFF00047,Receptionist,Surgery,2026-05-15 19:15:30.476901,2026-05-16 03:15:30.476901,6,0,On Leave
STAFF00048,Ward Boy,Cardiology,2026-04-23 06:18:03.046728,2026-04-23 14:18:03.046728,5,1,On Leave
STAFF00049,Technician,Cardiology,2026-05-22 08:18:59.652423,2026-05-22 16:18:59.652423,4,3,Busy
STAFF00050,Technician,ICU,2026-05-04 00:02:45.530821,2026-05-04 06:02:45.530821,19,0,Busy
STAFF00051,Technician,Cardiology,2026-05-05 08:38:28.329567,2026-05-05 18:38:28.329567,10,4,Available
STAFF00052,Technician,Neurology,2026-05-10 00:49:43.473742,2026-05-10 10:49:43.473742,1,4,On Leave
STAFF00053,Nurse,Emergency,2026-04-30 07:34:45.371158,2026-04-30 13:34:45.371158,8,2,Busy
STAFF00054,Ward Boy,Surgery,2026-04-27 16:43:55.093848,2026-04-28 02:43:55.093848,15,0,Available
STAFF00055,Ward Boy,Surgery,2026-05-21 08:07:35.668466,2026-05-21 20:07:35.668466,15,6,On Leave
STAFF00056,Technician,Surgery,2026-05-04 09:28:20.300012,2026-05-04 15:28:20.300012,17,5,On Leave
STAFF00057,Nurse,ICU,2026-05-03 05:23:13.292500,2026-05-03 17:23:13.292500,13,0,On Leave
STAFF00058,Nurse,Surgery,2026-04-26 11:11:03.686486,2026-04-26 21:11:03.686486,20,1,Busy
STAFF00059,Receptionist,Neurology,2026-05-05 20:19:34.498149,2026-05-06 02:19:34.498149,20,5,Available
STAFF00060,Technician,Emergency,2026-05-07 20:51:06.612040,2026-05-08 04:51:06.612040,18,5,Busy
STAFF00061,Receptionist,Cardiology,2026-05-22 11:59:44.327310,2026-05-22 17:59:44.327310,13,4,Busy
STAFF00062,Ward Boy,Emergency,2026-05-13 21:53:42.429891,2026-05-14 09:53:42.429891,1,3,On Leave
STAFF00063,Technician,Neurology,2026-05-16 16:31:10.646910,2026-05-17 00:31:10.646910,9,5,Available
STAFF00064,Nurse,Cardiology,2026-05-06 18:21:44.444967,2026-05-07 04:21:44.444967,6,3,On Leave
STAFF00065,Nurse,Emergency,2026-05-11 10:28:55.577136,2026-05-11 22:28:55.577136,15,3,Busy
STAFF00066,Technician,Surgery,2026-05-01 19:46:22.779570,2026-05-02 07:46:22.779570,14,4,Available
STAFF00067,Receptionist,Neurology,2026-05-07 20:41:49.216097,2026-05-08 06:41:49.216097,5,0,Busy
STAFF00068,Nurse,ICU,2026-05-06 07:45:34.009953,2026-05-06 15:45:34.009953,4,0,Busy
STAFF00069,Nurse,Neurology,2026-04-26 23:03:04.889640,2026-04-27 09:03:04.889640,7,1,Busy
STAFF00070,Nurse,Emergency,2026-04-25 19:03:56.318212,2026-04-26 05:03:56.318212,6,0,Available
STAFF00071,Ward Boy,Neurology,2026-04-25 12:38:52.083692,2026-04-25 18:38:52.083692,1,6,Busy
STAFF00072,Nurse,Cardiology,2026-05-18 02:47:09.116445,2026-05-18 08:47:09.116445,13,3,Available
STAFF00073,Nurse,Surgery,2026-05-17 09:41:35.934186,2026-05-17 17:41:35.934186,8,6,Available
STAFF00074,Nurse,Neurology,2026-05-11 22:00:49.111246,2026-05-12 08:00:49.111246,3,4,Busy
STAFF00075,Doctor,Emergency,2026-05-02 14:05:02.207213,2026-05-03 00:05:02.207213,8,1,On Leave
STAFF00076,Doctor,Cardiology,2026-05-03 00:52:57.812071,2026-05-03 06:52:57.812071,8,4,Busy
STAFF00077,Doctor,Surgery,2026-05-06 20:07:47.333494,2026-05-07 04:07:47.333494,2,5,Available
STAFF00078,Doctor,Neurology,2026-05-16 04:25:11.889961,2026-05-16 12:25:11.889961,6,5,On Leave
STAFF00079,Doctor,Emergency,2026-04-30 11:24:44.469271,2026-04-30 19:24:44.469271,20,0,On Leave
STAFF00080,Ward Boy,Surgery,2026-04-27 03:24:17.332091,2026-04-27 13:24:17.332091,8,0,Available
STAFF00081,Ward Boy,Cardiology,2026-05-09 09:02:01.027893,2026-05-09 17:02:01.027893,17,5,On Leave
STAFF00082,Technician,Emergency,2026-05-12 12:50:16.645891,2026-05-12 20:50:16.645891,4,5,On Leave
STAFF00083,Nurse,Emergency,2026-05-11 22:04:22.584476,2026-05-12 08:04:22.584476,1,2,On Leave
STAFF00084,Nurse,Emergency,2026-04-23 05:15:38.158731,2026-04-23 11:15:38.158731,18,2,On Leave
STAFF00085,Ward Boy,Cardiology,2026-04-27 21:02:02.989015,2026-04-28 07:02:02.989015,2,5,Available
STAFF00086,Nurse,Surgery,2026-05-15 09:09:33.371508,2026-05-15 21:09:33.371508,4,0,On Leave
STAFF00087,Ward Boy,ICU,2026-04-28 21:50:11.089568,2026-04-29 05:50:11.089568,12,3,Busy
STAFF00088,Doctor,Neurology,2026-04-26 19:46:46.987143,2026-04-27 07:46:46.987143,18,1,Busy
STAFF00089,Nurse,Surgery,2026-05-08 18:12:44.556855,2026-05-09 02:12:44.556855,19,2,Available
STAFF00090,Nurse,Emergency,2026-05-13 15:10:53.377748,2026-05-14 03:10:53.377748,2,5,Busy
STAFF00091,Doctor,Emergency,2026-04-26 14:34:23.923506,2026-04-27 02:34:23.923506,12,2,Busy
STAFF00092,Ward Boy,ICU,2026-04-27 15:24:08.042179,2026-04-28 01:24:08.042179,13,1,Available
STAFF00093,Doctor,Cardiology,2026-05-19 20:05:17.757046,2026-05-20 06:05:17.757046,9,3,Available
STAFF00094,Doctor,Surgery,2026-05-12 01:29:12.826515,2026-05-12 13:29:12.826515,16,5,Available
STAFF00095,Nurse,Cardiology,2026-05-06 00:46:41.149658,2026-05-06 06:46:41.149658,16,3,Busy
STAFF00096,Receptionist,Emergency,2026-05-09 02:47:26.825750,2026-05-09 08:47:26.825750,16,6,On Leave
STAFF00097,Doctor,Cardiology,2026-05-03 03:27:54.451245,2026-05-03 15:27:54.451245,3,6,Available
STAFF00098,Technician,ICU,2026-05-17 23:37:27.929271,2026-05-18 11:37:27.929271,16,6,Available
STAFF00099,Ward Boy,Neurology,2026-05-05 12:26:37.223798,2026-05-05 18:26:37.223798,18,6,Busy
STAFF00100,Ward Boy,ICU,2026-05-11 10:00:27.260628,2026-05-11 20:00:27.260628,8,4,On Leave
STAFF00101,Technician,Surgery,2026-05-01 22:06:55.264178,2026-05-02 10:06:55.264178,16,4,On Leave
STAFF00102,Nurse,Surgery,2026-05-06 10:43:54.962578,2026-05-06 22:43:54.962578,7,4,On Leave
STAFF00103,Technician,ICU,2026-05-01 03:56:42.856790,2026-05-01 11:56:42.856790,10,4,Available
STAFF00104,Ward Boy,ICU,2026-04-29 19:55:59.839024,2026-04-30 05:55:59.839024,19,2,Busy
STAFF00105,Receptionist,Surgery,2026-05-04 02:05:28.576972,2026-05-04 12:05:28.576972,2,1,Busy
STAFF00106,Ward Boy,Cardiology,2026-04-24 22:28:49.008564,2026-04-25 06:28:49.008564,18,3,On Leave
STAFF00107,Doctor,Neurology,2026-05-08 13:34:53.542096,2026-05-08 19:34:53.542096,11,5,On Leave
STAFF00108,Receptionist,ICU,2026-05-16 02:17:43.001126,2026-05-16 10:17:43.001126,9,6,On Leave
STAFF00109,Receptionist,Neurology,2026-05-21 14:01:27.978701,2026-05-22 02:01:27.978701,3,4,Available
STAFF00110,Receptionist,ICU,2026-04-28 05:44:48.128675,2026-04-28 13:44:48.128675,17,1,Available
STAFF00111,Doctor,Surgery,2026-04-26 23:40:03.062619,2026-04-27 05:40:03.062619,11,5,Available
STAFF00112,Ward Boy,Surgery,2026-04-25 22:09:27.409018,2026-04-26 10:09:27.409018,13,3,Available
STAFF00113,Doctor,Surgery,2026-05-02 14:46:45.399325,2026-05-03 00:46:45.399325,6,0,Available
STAFF00114,Receptionist,ICU,2026-05-20 03:51:15.436087,2026-05-20 11:51:15.436087,20,3,Busy
STAFF00115,Ward Boy,ICU,2026-05-08 09:48:32.331957,2026-05-08 17:48:32.331957,13,5,Busy
STAFF00116,Ward Boy,Neurology,2026-05-12 11:00:06.733633,2026-05-12 21:00:06.733633,10,6,On Leave
STAFF00117,Receptionist,Surgery,2026-04-25 13:21:14.654319,2026-04-25 23:21:14.654319,14,4,On Leave
STAFF00118,Technician,ICU,2026-05-19 01:18:45.022030,2026-05-19 09:18:45.022030,18,5,Available
STAFF00119,Receptionist,Emergency,2026-05-03 17:48:35.931189,2026-05-04 05:48:35.931189,5,5,Busy
STAFF00120,Technician,Neurology,2026-05-22 13:06:08.769245,2026-05-22 23:06:08.769245,19,0,Busy
STAFF00121,Ward Boy,ICU,2026-05-20 09:06:43.168155,2026-05-20 21:06:43.168155,18,0,Busy
STAFF00122,Technician,Emergency,2026-05-10 07:55:20.656476,2026-05-10 13:55:20.656476,13,2,Busy
STAFF00123,Nurse,Neurology,2026-04-26 07:11:30.896215,2026-04-26 13:11:30.896215,1,1,Busy
STAFF00124,Doctor,Cardiology,2026-05-18 04:37:39.473321,2026-05-18 16:37:39.473321,7,4,Busy
STAFF00125,Doctor,Emergency,2026-05-19 23:56:31.482583,2026-05-20 07:56:31.482583,15,3,Busy
STAFF00126,Nurse,ICU,2026-04-28 22:52:31.235070,2026-04-29 06:52:31.235070,6,1,On Leave
STAFF00127,Nurse,Surgery,2026-05-06 15:38:36.844878,2026-05-07 01:38:36.844878,5,4,On Leave
STAFF00128,Doctor,ICU,2026-05-01 14:21:16.526825,2026-05-02 00:21:16.526825,18,6,On Leave
STAFF00129,Receptionist,Neurology,2026-05-19 03:28:33.459055,2026-05-19 11:28:33.459055,18,6,Available
STAFF00130,Receptionist,ICU,2026-04-30 01:22:05.092174,2026-04-30 09:22:05.092174,4,4,Available
STAFF00131,Nurse,Neurology,2026-05-21 22:26:11.679409,2026-05-22 06:26:11.679409,3,1,On Leave
STAFF00132,Doctor,ICU,2026-04-30 11:31:21.052772,2026-04-30 19:31:21.052772,8,1,Busy
STAFF00133,Doctor,Cardiology,2026-04-24 18:54:38.378746,2026-04-25 02:54:38.378746,13,0,On Leave
STAFF00134,Nurse,Neurology,2026-04-23 21:45:31.738081,2026-04-24 05:45:31.738081,1,5,On Leave
STAFF00135,Receptionist,ICU,2026-04-27 23:19:10.172146,2026-04-28 05:19:10.172146,18,0,Busy
STAFF00136,Receptionist,Emergency,2026-05-19 12:01:51.730630,2026-05-20 00:01:51.730630,16,4,Available
STAFF00137,Doctor,Cardiology,2026-05-05 23:04:09.842445,2026-05-06 11:04:09.842445,13,2,Available
STAFF00138,Ward Boy,ICU,2026-04-25 07:10:12.015989,2026-04-25 13:10:12.015989,18,4,Busy
STAFF00139,Receptionist,Cardiology,2026-04-23 09:07:56.485015,2026-04-23 15:07:56.485015,1,2,Busy
STAFF00140,Doctor,ICU,2026-04-23 04:54:04.331966,2026-04-23 10:54:04.331966,13,1,On Leave
STAFF00141,Technician,Cardiology,2026-05-09 19:41:20.671859,2026-05-10 07:41:20.671859,16,2,Available
STAFF00142,Nurse,Cardiology,2026-04-23 14:16:42.172545,2026-04-23 20:16:42.172545,20,4,Available
STAFF00143,Nurse,Surgery,2026-05-07 07:20:37.788261,2026-05-07 13:20:37.788261,6,4,On Leave
STAFF00144,Doctor,Surgery,2026-04-27 05:59:25.142278,2026-04-27 17:59:25.142278,13,3,On Leave
STAFF00145,Ward Boy,Cardiology,2026-05-13 00:46:06.705510,2026-05-13 12:46:06.705510,18,4,Busy
STAFF00146,Receptionist,Cardiology,2026-04-30 03:51:56.979640,2026-04-30 09:51:56.979640,5,2,On Leave
STAFF00147,Doctor,Emergency,2026-05-13 11:07:58.626858,2026-05-13 23:07:58.626858,1,3,Available
STAFF00148,Doctor,ICU,2026-05-02 21:41:59.855973,2026-05-03 03:41:59.855973,20,2,Busy
STAFF00149,Ward Boy,Emergency,2026-05-17 08:23:06.348740,2026-05-17 16:23:06.348740,7,0,On Leave
STAFF00150,Nurse,Emergency,2026-04-30 09:33:50.633072,2026-04-30 15:33:50.633072,10,1,Available
STAFF00151,Nurse,Surgery,2026-05-09 14:13:50.369229,2026-05-10 02:13:50.369229,7,2,Busy
STAFF00152,Doctor,Cardiology,2026-05-08 00:56:15.688863,2026-05-08 08:56:15.688863,10,3,On Leave
STAFF00153,Technician,Emergency,2026-05-07 05:54:19.930366,2026-05-07 13:54:19.930366,10,3,On Leave
STAFF00154,Ward Boy,Surgery,2026-05-06 10:50:39.275288,2026-05-06 16:50:39.275288,16,1,Busy
STAFF00155,Receptionist,Neurology,2026-04-22 23:14:53.493602,2026-04-23 11:14:53.493602,11,2,On Leave
STAFF00156,Receptionist,Surgery,2026-04-25 17:55:06.317041,2026-04-25 23:55:06.317041,16,1,On Leave
STAFF00157,Technician,Surgery,2026-05-16 02:47:12.555924,2026-05-16 14:47:12.555924,4,0,Available
STAFF00158,Ward Boy,Cardiology,2026-05-21 07:32:35.214252,2026-05-21 19:32:35.214252,15,6,On Leave
STAFF00159,Technician,Cardiology,2026-05-11 23:01:54.719937,2026-05-12 05:01:54.719937,17,4,Busy
STAFF00160,Technician,Surgery,2026-04-26 19:09:22.423022,2026-04-27 07:09:22.423022,7,1,Busy
STAFF00161,Nurse,ICU,2026-05-01 16:40:01.572851,2026-05-02 02:40:01.572851,2,3,On Leave
STAFF00162,Technician,Surgery,2026-04-23 08:40:39.272230,2026-04-23 18:40:39.272230,6,2,Available
STAFF00163,Ward Boy,Emergency,2026-05-06 10:59:15.317559,2026-05-06 16:59:15.317559,20,2,Available
STAFF00164,Technician,ICU,2026-05-13 13:13:53.393472,2026-05-13 21:13:53.393472,19,2,Available
STAFF00165,Technician,Emergency,2026-05-16 05:35:40.714722,2026-05-16 11:35:40.714722,19,6,On Leave
STAFF00166,Receptionist,Cardiology,2026-05-07 06:43:10.919093,2026-05-07 14:43:10.919093,18,4,Available
STAFF00167,Ward Boy,Cardiology,2026-05-19 18:13:42.582220,2026-05-20 00:13:42.582220,7,3,Busy
STAFF00168,Technician,Neurology,2026-05-19 15:21:30.901523,2026-05-20 01:21:30.901523,1,1,Busy
STAFF00169,Doctor,Cardiology,2026-04-22 18:56:00.544039,2026-04-23 00:56:00.544039,8,6,Busy
STAFF00170,Technician,Surgery,2026-05-15 21:57:05.711689,2026-05-16 09:57:05.711689,12,5,Available
STAFF00171,Receptionist,Surgery,2026-05-10 23:17:59.287977,2026-05-11 11:17:59.287977,19,1,Busy
STAFF00172,Technician,Neurology,2026-05-10 20:14:24.333048,2026-05-11 02:14:24.333048,17,1,On Leave
STAFF00173,Ward Boy,Neurology,2026-04-28 21:00:29.433025,2026-04-29 07:00:29.433025,8,3,On Leave
STAFF00174,Receptionist,Emergency,2026-05-13 10:04:01.377090,2026-05-13 20:04:01.377090,11,1,Busy
STAFF00175,Nurse,ICU,2026-05-11 01:57:38.840381,2026-05-11 09:57:38.840381,2,1,Busy
STAFF00176,Doctor,Emergency,2026-05-17 12:08:08.988500,2026-05-18 00:08:08.988500,3,4,On Leave
STAFF00177,Receptionist,Cardiology,2026-05-14 05:55:17.006858,2026-05-14 17:55:17.006858,10,2,On Leave
STAFF00178,Doctor,Neurology,2026-05-03 02:01:57.464129,2026-05-03 12:01:57.464129,11,2,Busy
STAFF00179,Receptionist,ICU,2026-05-14 02:52:36.125371,2026-05-14 14:52:36.125371,5,1,Available
STAFF00180,Nurse,ICU,2026-05-14 07:11:44.262328,2026-05-14 15:11:44.262328,5,4,Busy
STAFF00181,Nurse,ICU,2026-05-22 12:24:19.394757,2026-05-22 22:24:19.394757,6,4,On Leave
STAFF00182,Ward Boy,Neurology,2026-04-30 15:36:24.458423,2026-05-01 01:36:24.458423,20,3,On Leave
STAFF00183,Ward Boy,Emergency,2026-05-17 00:35:11.643174,2026-05-17 08:35:11.643174,7,4,Busy
STAFF00184,Technician,Surgery,2026-04-27 09:53:39.179639,2026-04-27 15:53:39.179639,1,0,On Leave
STAFF00185,Ward Boy,ICU,2026-05-10 10:10:27.222534,2026-05-10 18:10:27.222534,15,3,Busy
STAFF00186,Nurse,Emergency,2026-05-02 20:33:38.546422,2026-05-03 08:33:38.546422,1,4,On Leave
STAFF00187,Ward Boy,Emergency,2026-04-28 03:01:48.848880,2026-04-28 15:01:48.848880,5,2,Busy
STAFF00188,Receptionist,Surgery,2026-05-03 18:08:53.707145,2026-05-04 02:08:53.707145,9,6,Available
STAFF00189,Doctor,Cardiology,2026-05-10 18:43:59.651026,2026-05-11 00:43:59.651026,12,1,Available
STAFF00190,Technician,Emergency,2026-05-10 06:44:23.546403,2026-05-10 18:44:23.546403,11,3,Available
STAFF00191,Nurse,Neurology,2026-05-09 21:45:16.945242,2026-05-10 05:45:16.945242,18,1,On Leave
STAFF00192,Doctor,Surgery,2026-05-13 03:36:08.754811,2026-05-13 15:36:08.754811,15,5,On Leave
STAFF00193,Technician,Emergency,2026-05-22 18:09:34.041026,2026-05-23 02:09:34.041026,8,6,Busy
STAFF00194,Nurse,Surgery,2026-05-06 08:49:13.792948,2026-05-06 20:49:13.792948,12,3,Available
STAFF00195,Doctor,Cardiology,2026-04-29 00:19:54.004996,2026-04-29 12:19:54.004996,1,1,Available
STAFF00196,Technician,Surgery,2026-05-01 16:10:46.247748,2026-05-02 00:10:46.247748,8,5,Busy
STAFF00197,Receptionist,Neurology,2026-05-09 23:18:22.791867,2026-05-10 07:18:22.791867,3,3,Available
STAFF00198,Doctor,Emergency,2026-05-17 01:39:33.137089,2026-05-17 11:39:33.137089,15,0,Busy
STAFF00199,Doctor,Neurology,2026-05-07 21:14:23.317544,2026-05-08 07:14:23.317544,17,6,Busy
STAFF00200,Technician,Neurology,2026-05-10 06:53:31.443633,2026-05-10 14:53:31.443633,4,5,On Leave
STAFF00201,Nurse,Cardiology,2026-05-03 01:23:32.439640,2026-05-03 09:23:32.439640,17,4,Available
STAFF00202,Doctor,Cardiology,2026-05-12 11:47:31.312967,2026-05-12 21:47:31.312967,4,0,On Leave
STAFF00203,Receptionist,Cardiology,2026-05-03 13:48:03.693177,2026-05-03 21:48:03.693177,7,4,On Leave
STAFF00204,Technician,Neurology,2026-05-10 15:45:08.820927,2026-05-11 03:45:08.820927,8,5,Available
STAFF00205,Nurse,Emergency,2026-05-19 11:41:48.506424,2026-05-19 17:41:48.506424,6,2,Available
STAFF00206,Ward Boy,Surgery,2026-04-26 13:00:03.652910,2026-04-26 21:00:03.652910,17,3,Available
STAFF00207,Receptionist,ICU,2026-05-15 10:07:49.669519,2026-05-15 22:07:49.669519,6,0,Busy
STAFF00208,Nurse,Surgery,2026-05-20 02:38:24.201699,2026-05-20 08:38:24.201699,11,1,Available
STAFF00209,Receptionist,Emergency,2026-04-25 18:07:15.668007,2026-04-26 04:07:15.668007,14,2,On Leave
STAFF00210,Receptionist,ICU,2026-05-09 06:49:27.854569,2026-05-09 18:49:27.854569,3,3,Busy
STAFF00211,Receptionist,Emergency,2026-04-26 04:24:51.673811,2026-04-26 12:24:51.673811,5,6,Busy
STAFF00212,Ward Boy,Cardiology,2026-05-02 16:42:29.156938,2026-05-03 04:42:29.156938,16,4,Busy
STAFF00213,Receptionist,Emergency,2026-05-22 08:24:58.176955,2026-05-22 14:24:58.176955,7,6,Busy
STAFF00214,Ward Boy,Emergency,2026-05-15 01:34:42.910304,2026-05-15 11:34:42.910304,8,6,On Leave
STAFF00215,Receptionist,Cardiology,2026-04-26 04:55:47.321853,2026-04-26 12:55:47.321853,12,5,On Leave
STAFF00216,Nurse,ICU,2026-05-05 04:21:08.850655,2026-05-05 14:21:08.850655,5,6,Busy
STAFF00217,Receptionist,Cardiology,2026-05-06 04:20:17.917671,2026-05-06 10:20:17.917671,9,2,On Leave
STAFF00218,Receptionist,Neurology,2026-04-26 14:11:21.195459,2026-04-27 00:11:21.195459,7,1,On Leave
STAFF00219,Doctor,Neurology,2026-05-07 07:38:22.732329,2026-05-07 17:38:22.732329,7,5,Available
STAFF00220,Technician,ICU,2026-04-25 01:42:47.958762,2026-04-25 07:42:47.958762,2,1,On Leave
STAFF00221,Technician,Emergency,2026-05-08 14:55:36.006732,2026-05-08 20:55:36.006732,5,1,On Leave
STAFF00222,Ward Boy,Emergency,2026-05-21 20:42:12.291899,2026-05-22 06:42:12.291899,4,4,Busy
STAFF00223,Doctor,Neurology,2026-05-08 22:26:19.795299,2026-05-09 08:26:19.795299,4,2,Busy
STAFF00224,Technician,Neurology,2026-05-16 21:31:56.320559,2026-05-17 07:31:56.320559,17,4,On Leave
STAFF00225,Ward Boy,ICU,2026-05-13 17:42:55.334801,2026-05-14 01:42:55.334801,10,0,Busy
STAFF00226,Ward Boy,Surgery,2026-05-09 23:11:20.685756,2026-05-10 07:11:20.685756,7,3,Busy
STAFF00227,Doctor,Cardiology,2026-05-20 13:55:09.275694,2026-05-20 19:55:09.275694,9,5,Available
STAFF00228,Nurse,Neurology,2026-04-28 20:26:07.915628,2026-04-29 06:26:07.915628,4,3,Available
STAFF00229,Technician,Emergency,2026-05-04 11:24:38.906057,2026-05-04 21:24:38.906057,18,1,Available
STAFF00230,Technician,Surgery,2026-05-20 22:01:15.590249,2026-05-21 04:01:15.590249,10,6,On Leave
STAFF00231,Receptionist,Surgery,2026-05-12 21:29:47.275702,2026-05-13 03:29:47.275702,20,6,On Leave
STAFF00232,Receptionist,Cardiology,2026-05-21 20:59:53.620830,2026-05-22 08:59:53.620830,16,5,Busy
STAFF00233,Receptionist,Emergency,2026-05-06 04:21:09.563378,2026-05-06 14:21:09.563378,20,3,On Leave
STAFF00234,Ward Boy,Neurology,2026-05-14 20:59:00.375854,2026-05-15 04:59:00.375854,8,0,Available
STAFF00235,Ward Boy,Neurology,2026-05-07 20:26:45.934855,2026-05-08 04:26:45.934855,7,4,Available
STAFF00236,Nurse,Neurology,2026-05-08 16:50:12.448782,2026-05-09 02:50:12.448782,19,6,Busy
STAFF00237,Technician,ICU,2026-04-28 17:50:14.220938,2026-04-29 03:50:14.220938,13,2,Available
STAFF00238,Technician,Surgery,2026-05-15 20:59:37.424640,2026-05-16 02:59:37.424640,19,4,On Leave
STAFF00239,Nurse,Neurology,2026-05-08 08:27:23.845113,2026-05-08 18:27:23.845113,4,6,Busy
STAFF00240,Doctor,Emergency,2026-04-26 22:45:19.641205,2026-04-27 10:45:19.641205,2,0,Available
STAFF00241,Doctor,Emergency,2026-05-16 07:48:31.350529,2026-05-16 13:48:31.350529,12,4,Available
STAFF00242,Ward Boy,Cardiology,2026-04-27 20:42:04.286099,2026-04-28 04:42:04.286099,17,2,Available
STAFF00243,Nurse,Neurology,2026-04-28 09:32:32.488125,2026-04-28 19:32:32.488125,19,1,Available
STAFF00244,Doctor,ICU,2026-05-08 19:29:35.594334,2026-05-09 03:29:35.594334,17,6,Busy
STAFF00245,Ward Boy,ICU,2026-05-11 01:03:03.306740,2026-05-11 09:03:03.306740,13,3,Busy
STAFF00246,Nurse,ICU,2026-05-01 08:46:55.293908,2026-05-01 16:46:55.293908,13,1,Busy
STAFF00247,Nurse,ICU,2026-04-25 14:17:34.675777,2026-04-26 00:17:34.675777,14,4,On Leave
STAFF00248,Technician,Cardiology,2026-05-15 02:12:54.246813,2026-05-15 08:12:54.246813,6,3,Busy
STAFF00249,Ward Boy,ICU,2026-05-08 14:09:17.176936,2026-05-09 00:09:17.176936,14,0,Busy
STAFF00250,Receptionist,Cardiology,2026-05-14 17:00:54.208379,2026-05-15 05:00:54.208379,19,6,On Leave
STAFF00251,Technician,Cardiology,2026-04-27 03:29:41.053712,2026-04-27 11:29:41.053712,20,0,Busy
STAFF00252,Ward Boy,Cardiology,2026-05-18 09:11:12.051975,2026-05-18 21:11:12.051975,11,0,Busy
STAFF00253,Ward Boy,Emergency,2026-04-23 01:01:10.263379,2026-04-23 13:01:10.263379,1,0,Busy
STAFF00254,Ward Boy,Neurology,2026-05-02 22:11:33.948588,2026-05-03 06:11:33.948588,18,0,On Leave
STAFF00255,Receptionist,ICU,2026-05-19 13:03:22.319536,2026-05-20 01:03:22.319536,9,5,Available
STAFF00256,Nurse,Surgery,2026-05-02 01:42:02.733742,2026-05-02 13:42:02.733742,16,3,Available
STAFF00257,Doctor,Cardiology,2026-04-24 05:56:42.661257,2026-04-24 11:56:42.661257,11,6,On Leave
STAFF00258,Nurse,ICU,2026-05-10 14:43:21.894679,2026-05-11 00:43:21.894679,11,2,On Leave
STAFF00259,Ward Boy,ICU,2026-04-25 03:01:30.180980,2026-04-25 13:01:30.180980,5,0,On Leave
STAFF00260,Ward Boy,Emergency,2026-05-15 22:14:16.230802,2026-05-16 10:14:16.230802,11,1,Busy
STAFF00261,Doctor,Surgery,2026-05-14 17:57:31.665958,2026-05-14 23:57:31.665958,18,0,Available
STAFF00262,Technician,ICU,2026-05-04 18:31:26.926127,2026-05-05 06:31:26.926127,4,4,Available
STAFF00263,Ward Boy,ICU,2026-05-16 22:51:48.382138,2026-05-17 04:51:48.382138,4,3,Available
STAFF00264,Technician,Surgery,2026-05-14 20:28:34.688843,2026-05-15 04:28:34.688843,6,0,Busy
STAFF00265,Receptionist,Emergency,2026-04-23 09:04:50.461250,2026-04-23 19:04:50.461250,9,5,Available
STAFF00266,Technician,ICU,2026-05-02 21:14:03.941248,2026-05-03 03:14:03.941248,16,2,Busy
STAFF00267,Ward Boy,Surgery,2026-05-18 03:04:42.148460,2026-05-18 11:04:42.148460,1,6,On Leave
STAFF00268,Ward Boy,ICU,2026-05-19 00:52:00.703760,2026-05-19 10:52:00.703760,1,1,Available
STAFF00269,Technician,Surgery,2026-05-13 13:15:23.543957,2026-05-13 23:15:23.543957,12,4,Busy
STAFF00270,Nurse,Emergency,2026-05-20 06:48:07.344910,2026-05-20 16:48:07.344910,6,3,On Leave
STAFF00271,Ward Boy,Emergency,2026-05-05 08:31:01.480788,2026-05-05 18:31:01.480788,18,1,On Leave
STAFF00272,Doctor,Neurology,2026-04-25 00:58:00.338063,2026-04-25 08:58:00.338063,7,5,On Leave
STAFF00273,Technician,Neurology,2026-05-07 17:05:39.394685,2026-05-08 03:05:39.394685,5,4,On Leave
STAFF00274,Nurse,Cardiology,2026-05-16 09:20:37.446863,2026-05-16 21:20:37.446863,8,6,Available
STAFF00275,Nurse,Surgery,2026-05-18 21:07:47.370974,2026-05-19 05:07:47.370974,9,4,On Leave
STAFF00276,Ward Boy,Cardiology,2026-05-02 01:25:33.837117,2026-05-02 07:25:33.837117,18,2,On Leave
STAFF00277,Doctor,Neurology,2026-05-16 11:22:29.993347,2026-05-16 21:22:29.993347,18,2,Busy
STAFF00278,Nurse,Cardiology,2026-05-18 12:34:01.885992,2026-05-18 20:34:01.885992,10,3,Available
STAFF00279,Receptionist,Cardiology,2026-04-27 13:19:20.558506,2026-04-27 23:19:20.558506,20,4,Available
STAFF00280,Receptionist,Emergency,2026-05-14 08:45:20.269452,2026-05-14 18:45:20.269452,16,6,On Leave
STAFF00281,Nurse,Neurology,2026-05-22 07:59:30.938100,2026-05-22 13:59:30.938100,14,2,On Leave
STAFF00282,Nurse,ICU,2026-05-07 17:11:46.650992,2026-05-08 01:11:46.650992,4,0,Available
STAFF00283,Ward Boy,ICU,2026-05-03 21:20:35.163010,2026-05-04 09:20:35.163010,8,3,Busy
STAFF00284,Nurse,Neurology,2026-05-03 23:17:58.612661,2026-05-04 11:17:58.612661,5,2,On Leave
STAFF00285,Ward Boy,ICU,2026-05-01 09:52:50.530223,2026-05-01 15:52:50.530223,6,0,Available
STAFF00286,Doctor,Emergency,2026-05-03 01:55:19.321483,2026-05-03 07:55:19.321483,16,3,Available
STAFF00287,Ward Boy,ICU,2026-05-04 14:39:28.487836,2026-05-04 20:39:28.487836,19,0,On Leave
STAFF00288,Technician,Surgery,2026-05-21 23:41:38.711833,2026-05-22 09:41:38.711833,9,3,Busy
STAFF00289,Ward Boy,Emergency,2026-04-29 13:48:59.959735,2026-04-29 21:48:59.959735,9,1,Busy
STAFF00290,Receptionist,Emergency,2026-05-08 01:47:13.269585,2026-05-08 07:47:13.269585,13,3,On Leave
STAFF00291,Nurse,Emergency,2026-04-29 15:54:40.158944,2026-04-29 21:54:40.158944,19,5,Available
STAFF00292,Doctor,Neurology,2026-05-14 15:33:39.932803,2026-05-14 21:33:39.932803,18,5,On Leave
STAFF00293,Receptionist,Emergency,2026-04-30 01:36:02.106192,2026-04-30 07:36:02.106192,20,5,Busy
STAFF00294,Technician,Neurology,2026-05-04 11:31:57.912244,2026-05-04 21:31:57.912244,15,6,On Leave
STAFF00295,Doctor,Cardiology,2026-05-11 04:54:32.713238,2026-05-11 10:54:32.713238,19,4,Available
STAFF00296,Doctor,Neurology,2026-05-10 19:35:39.436637,2026-05-11 07:35:39.436637,6,4,On Leave
STAFF00297,Nurse,Cardiology,2026-05-17 01:35:28.253139,2026-05-17 09:35:28.253139,20,0,Busy
STAFF00298,Doctor,Emergency,2026-05-16 02:12:08.989030,2026-05-16 14:12:08.989030,15,2,Busy
STAFF00299,Ward Boy,ICU,2026-05-22 05:21:06.134524,2026-05-22 15:21:06.134524,8,4,Busy
STAFF00300,Receptionist,Surgery,2026-05-08 12:34:58.220802,2026-05-08 18:34:58.220802,15,4,On Leave
STAFF00301,Receptionist,Emergency,2026-05-10 15:49:02.847328,2026-05-10 21:49:02.847328,11,4,On Leave
STAFF00302,Technician,Cardiology,2026-05-10 11:42:28.850789,2026-05-10 23:42:28.850789,15,1,On Leave
STAFF00303,Ward Boy,Emergency,2026-05-04 19:29:03.411552,2026-05-05 05:29:03.411552,18,3,Busy
STAFF00304,Ward Boy,Surgery,2026-05-15 11:36:45.322319,2026-05-15 17:36:45.322319,8,2,Available
STAFF00305,Receptionist,ICU,2026-05-12 04:49:03.320126,2026-05-12 16:49:03.320126,9,2,Busy
STAFF00306,Ward Boy,Neurology,2026-05-13 04:55:43.967495,2026-05-13 14:55:43.967495,18,5,On Leave
STAFF00307,Receptionist,Emergency,2026-05-18 02:20:05.896117,2026-05-18 10:20:05.896117,16,0,On Leave
STAFF00308,Doctor,Cardiology,2026-05-16 10:18:49.048872,2026-05-16 20:18:49.048872,6,6,Busy
STAFF00309,Receptionist,Cardiology,2026-05-18 06:27:55.725775,2026-05-18 18:27:55.725775,2,0,Busy
STAFF00310,Technician,Cardiology,2026-04-27 11:10:19.689288,2026-04-27 23:10:19.689288,16,3,On Leave
STAFF00311,Nurse,Neurology,2026-04-26 01:33:27.034477,2026-04-26 09:33:27.034477,6,2,Busy
STAFF00312,Nurse,ICU,2026-05-06 07:27:31.062715,2026-05-06 17:27:31.062715,15,5,Busy
STAFF00313,Doctor,Cardiology,2026-04-30 08:02:08.509535,2026-04-30 18:02:08.509535,17,0,Available
STAFF00314,Technician,Cardiology,2026-05-19 02:08:55.236042,2026-05-19 14:08:55.236042,12,5,Available
STAFF00315,Doctor,Emergency,2026-05-10 10:04:27.179343,2026-05-10 16:04:27.179343,8,5,On Leave
STAFF00316,Doctor,Emergency,2026-05-17 00:09:53.262953,2026-05-17 12:09:53.262953,10,4,On Leave
STAFF00317,Nurse,Neurology,2026-05-21 17:14:57.481178,2026-05-22 03:14:57.481178,4,6,On Leave
STAFF00318,Technician,ICU,2026-05-09 10:40:31.849773,2026-05-09 20:40:31.849773,6,5,On Leave
STAFF00319,Nurse,ICU,2026-05-17 23:28:50.964058,2026-05-18 09:28:50.964058,4,1,Busy
STAFF00320,Doctor,Surgery,2026-05-18 05:29:09.687283,2026-05-18 15:29:09.687283,17,3,Busy
STAFF00321,Doctor,Neurology,2026-05-10 06:58:38.127867,2026-05-10 18:58:38.127867,15,6,On Leave
STAFF00322,Receptionist,Surgery,2026-05-19 02:18:41.501670,2026-05-19 10:18:41.501670,20,1,On Leave
STAFF00323,Ward Boy,Neurology,2026-05-16 02:15:22.430269,2026-05-16 08:15:22.430269,8,0,On Leave
STAFF00324,Receptionist,Neurology,2026-05-05 01:26:15.262458,2026-05-05 11:26:15.262458,4,4,Available
STAFF00325,Nurse,ICU,2026-05-06 02:04:04.447230,2026-05-06 08:04:04.447230,2,4,Busy
STAFF00326,Receptionist,Surgery,2026-04-27 12:51:16.666947,2026-04-27 22:51:16.666947,5,0,Busy
STAFF00327,Nurse,Surgery,2026-04-29 23:13:56.264717,2026-04-30 05:13:56.264717,6,4,On Leave
STAFF00328,Ward Boy,Neurology,2026-04-23 08:10:45.686768,2026-04-23 16:10:45.686768,15,2,Busy
STAFF00329,Doctor,Neurology,2026-05-19 19:54:16.409547,2026-05-20 05:54:16.409547,6,1,Available
STAFF00330,Doctor,Surgery,2026-05-04 04:11:50.584452,2026-05-04 14:11:50.584452,4,2,Busy
STAFF00331,Nurse,Surgery,2026-05-07 15:07:29.204428,2026-05-07 21:07:29.204428,17,3,On Leave
STAFF00332,Receptionist,Emergency,2026-05-19 07:22:08.917798,2026-05-19 19:22:08.917798,17,3,On Leave
STAFF00333,Ward Boy,Surgery,2026-04-23 14:17:43.045151,2026-04-23 20:17:43.045151,18,5,Busy
STAFF00334,Doctor,Surgery,2026-04-25 17:34:49.964900,2026-04-26 05:34:49.964900,7,1,On Leave
STAFF00335,Ward Boy,Neurology,2026-05-20 10:21:37.279158,2026-05-20 18:21:37.279158,6,6,On Leave
STAFF00336,Receptionist,ICU,2026-05-11 04:49:24.096822,2026-05-11 16:49:24.096822,5,5,On Leave
STAFF00337,Ward Boy,Emergency,2026-05-04 19:39:59.569020,2026-05-05 05:39:59.569020,8,0,Available
STAFF00338,Ward Boy,Neurology,2026-04-28 08:22:22.567783,2026-04-28 20:22:22.567783,12,6,On Leave
STAFF00339,Receptionist,Cardiology,2026-05-14 16:40:12.932411,2026-05-14 22:40:12.932411,3,3,On Leave
STAFF00340,Receptionist,ICU,2026-05-16 06:02:15.326907,2026-05-16 16:02:15.326907,19,3,On Leave
STAFF00341,Technician,Cardiology,2026-04-28 04:34:24.681382,2026-04-28 12:34:24.681382,9,5,Available
STAFF00342,Ward Boy,Emergency,2026-04-27 20:47:29.862338,2026-04-28 06:47:29.862338,3,6,On Leave
STAFF00343,Technician,Cardiology,2026-05-01 12:23:30.695648,2026-05-01 18:23:30.695648,12,3,On Leave
STAFF00344,Doctor,Neurology,2026-05-14 21:36:07.157381,2026-05-15 03:36:07.157381,8,4,Available
STAFF00345,Receptionist,Emergency,2026-05-13 23:20:17.437726,2026-05-14 05:20:17.437726,1,3,Busy
STAFF00346,Doctor,Neurology,2026-05-05 08:49:03.677077,2026-05-05 20:49:03.677077,16,0,Busy
STAFF00347,Nurse,Cardiology,2026-04-24 07:22:11.227448,2026-04-24 13:22:11.227448,5,2,Available
STAFF00348,Technician,ICU,2026-04-26 18:52:58.661837,2026-04-27 06:52:58.661837,14,5,Busy
STAFF00349,Receptionist,Neurology,2026-05-17 22:40:04.378656,2026-05-18 10:40:04.378656,15,4,Busy
STAFF00350,Nurse,Neurology,2026-05-22 17:18:44.605939,2026-05-22 23:18:44.605939,7,0,On Leave
STAFF00351,Nurse,Emergency,2026-04-24 22:17:21.112339,2026-04-25 10:17:21.112339,7,2,Busy
STAFF00352,Nurse,Neurology,2026-05-16 05:32:31.125374,2026-05-16 11:32:31.125374,15,2,Busy
STAFF00353,Technician,Surgery,2026-05-15 05:14:54.670662,2026-05-15 11:14:54.670662,3,4,On Leave
STAFF00354,Ward Boy,Neurology,2026-05-10 05:14:39.678807,2026-05-10 17:14:39.678807,11,2,On Leave
STAFF00355,Doctor,Surgery,2026-04-24 12:01:43.046413,2026-04-24 20:01:43.046413,8,1,On Leave
STAFF00356,Ward Boy,Emergency,2026-05-08 13:29:48.214991,2026-05-08 23:29:48.214991,11,0,Busy
STAFF00357,Technician,ICU,2026-05-12 06:07:50.018831,2026-05-12 18:07:50.018831,20,5,Busy
STAFF00358,Receptionist,ICU,2026-05-06 08:02:44.499714,2026-05-06 14:02:44.499714,8,6,On Leave
STAFF00359,Ward Boy,ICU,2026-05-10 07:04:08.936839,2026-05-10 17:04:08.936839,17,4,On Leave
STAFF00360,Nurse,Cardiology,2026-04-29 18:38:04.593202,2026-04-30 00:38:04.593202,7,1,Busy
STAFF00361,Ward Boy,Emergency,2026-05-08 03:18:56.917668,2026-05-08 11:18:56.917668,3,3,Busy
STAFF00362,Ward Boy,Cardiology,2026-05-16 04:15:06.342984,2026-05-16 14:15:06.342984,5,3,Available
STAFF00363,Receptionist,Surgery,2026-04-26 18:40:59.149760,2026-04-27 06:40:59.149760,19,1,Available
STAFF00364,Receptionist,ICU,2026-05-08 20:09:33.829952,2026-05-09 06:09:33.829952,15,6,Available
STAFF00365,Receptionist,Surgery,2026-05-22 15:23:12.715406,2026-05-22 23:23:12.715406,5,0,Busy
STAFF00366,Doctor,Neurology,2026-05-19 02:04:02.759903,2026-05-19 10:04:02.759903,9,1,On Leave
STAFF00367,Doctor,Emergency,2026-05-13 00:36:21.539338,2026-05-13 08:36:21.539338,13,2,Available
STAFF00368,Technician,Emergency,2026-05-17 07:02:33.289306,2026-05-17 13:02:33.289306,2,0,On Leave
STAFF00369,Receptionist,Neurology,2026-05-09 05:45:39.611987,2026-05-09 17:45:39.611987,14,0,On Leave
STAFF00370,Ward Boy,ICU,2026-05-17 01:50:47.625027,2026-05-17 07:50:47.625027,8,5,On Leave
STAFF00371,Nurse,Neurology,2026-04-23 11:48:17.548921,2026-04-23 19:48:17.548921,16,4,Busy
STAFF00372,Receptionist,Surgery,2026-05-18 17:09:34.574024,2026-05-18 23:09:34.574024,3,4,Busy
STAFF00373,Doctor,Surgery,2026-04-27 01:18:58.761489,2026-04-27 09:18:58.761489,9,4,Busy
STAFF00374,Receptionist,Neurology,2026-05-13 01:19:12.919358,2026-05-13 11:19:12.919358,13,0,On Leave
STAFF00375,Receptionist,Emergency,2026-05-19 13:14:02.811542,2026-05-19 21:14:02.811542,19,6,On Leave
STAFF00376,Ward Boy,ICU,2026-04-30 14:10:31.660439,2026-05-01 00:10:31.660439,10,3,On Leave
STAFF00377,Receptionist,Neurology,2026-05-18 01:20:46.164756,2026-05-18 11:20:46.164756,17,0,Available
STAFF00378,Nurse,Emergency,2026-05-08 23:33:36.416051,2026-05-09 09:33:36.416051,6,1,On Leave
STAFF00379,Doctor,Surgery,2026-05-12 22:52:40.459400,2026-05-13 08:52:40.459400,6,6,On Leave
STAFF00380,Ward Boy,Cardiology,2026-04-27 03:44:41.366493,2026-04-27 11:44:41.366493,1,4,Busy
STAFF00381,Technician,Neurology,2026-05-19 18:04:51.853868,2026-05-20 00:04:51.853868,5,2,Busy
STAFF00382,Receptionist,Emergency,2026-04-30 21:00:10.809899,2026-05-01 03:00:10.809899,4,6,On Leave
STAFF00383,Technician,Neurology,2026-05-19 23:05:29.167807,2026-05-20 07:05:29.167807,20,1,Available
STAFF00384,Ward Boy,Emergency,2026-04-22 22:45:25.471470,2026-04-23 10:45:25.471470,13,4,Busy
STAFF00385,Doctor,Emergency,2026-05-08 19:07:57.785677,2026-05-09 01:07:57.785677,12,6,On Leave
STAFF00386,Technician,Neurology,2026-04-25 12:17:56.995843,2026-04-25 20:17:56.995843,14,0,Busy
STAFF00387,Ward Boy,Neurology,2026-05-18 13:59:32.845043,2026-05-18 23:59:32.845043,7,6,Busy
STAFF00388,Technician,Surgery,2026-05-09 06:20:45.248317,2026-05-09 18:20:45.248317,1,2,On Leave
STAFF00389,Technician,Neurology,2026-05-16 13:12:49.005043,2026-05-16 19:12:49.005043,17,2,Available
STAFF00390,Receptionist,Cardiology,2026-05-18 04:14:09.667297,2026-05-18 12:14:09.667297,2,5,On Leave
STAFF00391,Ward Boy,Neurology,2026-05-03 03:41:40.702003,2026-05-03 09:41:40.702003,3,4,On Leave
STAFF00392,Doctor,ICU,2026-05-11 11:58:04.381151,2026-05-11 21:58:04.381151,1,0,Available
STAFF00393,Nurse,Cardiology,2026-05-05 10:05:51.710452,2026-05-05 16:05:51.710452,16,1,Busy
STAFF00394,Receptionist,Cardiology,2026-05-09 23:22:30.748403,2026-05-10 05:22:30.748403,2,0,On Leave
STAFF00395,Technician,Neurology,2026-05-13 23:09:49.233488,2026-05-14 09:09:49.233488,5,2,Busy
STAFF00396,Ward Boy,Surgery,2026-05-09 14:27:29.007266,2026-05-09 20:27:29.007266,18,2,On Leave
STAFF00397,Technician,ICU,2026-04-27 01:18:45.670108,2026-04-27 11:18:45.670108,12,1,Available
STAFF00398,Ward Boy,Neurology,2026-05-16 16:04:41.441976,2026-05-16 22:04:41.441976,4,0,On Leave
STAFF00399,Nurse,Neurology,2026-04-27 21:42:26.015211,2026-04-28 07:42:26.015211,9,3,Available
STAFF00400,Ward Boy,Emergency,2026-05-13 06:26:01.414354,2026-05-13 14:26:01.414354,7,0,Busy
STAFF00401,Nurse,Surgery,2026-04-25 10:43:16.390042,2026-04-25 16:43:16.390042,7,4,Available
STAFF00402,Receptionist,Cardiology,2026-04-28 23:58:05.046370,2026-04-29 07:58:05.046370,1,1,Available
STAFF00403,Doctor,Emergency,2026-05-07 01:56:32.737699,2026-05-07 13:56:32.737699,16,0,Available
STAFF00404,Nurse,Surgery,2026-04-26 11:14:13.361077,2026-04-26 17:14:13.361077,20,5,Available
STAFF00405,Technician,Cardiology,2026-05-05 14:28:53.350052,2026-05-05 22:28:53.350052,11,2,Busy
STAFF00406,Receptionist,ICU,2026-05-15 02:39:11.958706,2026-05-15 14:39:11.958706,4,1,On Leave
STAFF00407,Doctor,Emergency,2026-05-22 05:04:52.428594,2026-05-22 15:04:52.428594,20,0,Busy
STAFF00408,Ward Boy,ICU,2026-04-23 07:33:29.131986,2026-04-23 19:33:29.131986,10,1,Busy
STAFF00409,Technician,Neurology,2026-05-06 11:03:50.939520,2026-05-06 17:03:50.939520,8,4,Busy
STAFF00410,Ward Boy,Emergency,2026-05-11 01:42:43.197112,2026-05-11 09:42:43.197112,4,5,Busy
STAFF00411,Nurse,ICU,2026-05-15 20:01:56.704179,2026-05-16 08:01:56.704179,12,4,On Leave
STAFF00412,Ward Boy,Cardiology,2026-04-26 19:35:43.900709,2026-04-27 03:35:43.900709,13,6,On Leave
STAFF00413,Doctor,ICU,2026-04-27 13:23:57.736214,2026-04-27 19:23:57.736214,5,5,Busy
STAFF00414,Doctor,ICU,2026-05-11 13:07:14.487164,2026-05-11 23:07:14.487164,5,4,Available
STAFF00415,Ward Boy,ICU,2026-05-18 10:28:39.563120,2026-05-18 22:28:39.563120,8,1,Busy
STAFF00416,Nurse,Cardiology,2026-05-01 11:52:37.983845,2026-05-01 17:52:37.983845,10,3,On Leave
STAFF00417,Doctor,Surgery,2026-04-28 16:56:11.906958,2026-04-29 02:56:11.906958,10,2,On Leave
STAFF00418,Receptionist,ICU,2026-05-08 02:01:09.362251,2026-05-08 08:01:09.362251,3,4,On Leave
STAFF00419,Ward Boy,Emergency,2026-05-04 04:39:02.730511,2026-05-04 10:39:02.730511,3,6,Available
STAFF00420,Ward Boy,Cardiology,2026-05-18 13:01:01.081031,2026-05-18 21:01:01.081031,5,0,Available
STAFF00421,Ward Boy,Neurology,2026-05-09 11:29:18.641908,2026-05-09 17:29:18.641908,4,0,On Leave
STAFF00422,Ward Boy,ICU,2026-05-14 15:15:32.653967,2026-05-15 01:15:32.653967,18,6,On Leave
STAFF00423,Nurse,ICU,2026-05-20 17:34:51.151233,2026-05-20 23:34:51.151233,7,3,On Leave
STAFF00424,Technician,Emergency,2026-05-01 15:47:04.657173,2026-05-01 21:47:04.657173,1,5,On Leave
STAFF00425,Nurse,ICU,2026-05-14 17:47:52.393362,2026-05-14 23:47:52.393362,3,4,On Leave
STAFF00426,Nurse,Surgery,2026-05-01 01:12:17.120844,2026-05-01 07:12:17.120844,6,2,Busy
STAFF00427,Nurse,Surgery,2026-05-16 13:44:28.487603,2026-05-16 21:44:28.487603,12,1,On Leave
STAFF00428,Ward Boy,Surgery,2026-04-27 17:12:47.759302,2026-04-28 05:12:47.759302,19,1,Available
STAFF00429,Nurse,ICU,2026-05-10 06:22:18.097373,2026-05-10 14:22:18.097373,10,6,Available
STAFF00430,Ward Boy,Surgery,2026-05-06 12:22:20.363163,2026-05-06 18:22:20.363163,19,5,Available
STAFF00431,Doctor,Neurology,2026-05-09 19:53:31.291893,2026-05-10 03:53:31.291893,5,0,Available
STAFF00432,Receptionist,Cardiology,2026-05-15 07:25:21.562115,2026-05-15 19:25:21.562115,12,4,Available
STAFF00433,Receptionist,ICU,2026-04-30 22:49:42.917254,2026-05-01 10:49:42.917254,5,2,On Leave
STAFF00434,Technician,Emergency,2026-04-26 13:51:37.970964,2026-04-26 23:51:37.970964,19,0,Available
STAFF00435,Receptionist,Neurology,2026-04-29 21:23:25.036661,2026-04-30 05:23:25.036661,4,3,Busy
STAFF00436,Nurse,Cardiology,2026-05-09 19:00:31.827176,2026-05-10 03:00:31.827176,15,2,On Leave
STAFF00437,Nurse,Surgery,2026-04-27 01:26:50.396643,2026-04-27 13:26:50.396643,17,5,Busy
STAFF00438,Nurse,Neurology,2026-05-15 10:41:43.327110,2026-05-15 16:41:43.327110,6,4,On Leave
STAFF00439,Ward Boy,Surgery,2026-05-04 01:35:36.316448,2026-05-04 11:35:36.316448,15,3,Available
STAFF00440,Ward Boy,Cardiology,2026-05-04 23:37:24.255456,2026-05-05 09:37:24.255456,8,4,On Leave
STAFF00441,Ward Boy,Surgery,2026-04-25 11:27:03.034018,2026-04-25 19:27:03.034018,18,1,Available
STAFF00442,Receptionist,Cardiology,2026-04-24 11:03:46.026622,2026-04-24 17:03:46.026622,3,6,Busy
STAFF00443,Technician,ICU,2026-05-01 08:35:05.992750,2026-05-01 16:35:05.992750,18,2,On Leave
STAFF00444,Nurse,Emergency,2026-04-28 23:44:21.907959,2026-04-29 11:44:21.907959,10,6,On Leave
STAFF00445,Technician,Surgery,2026-05-12 07:35:40.379948,2026-05-12 15:35:40.379948,3,4,On Leave
STAFF00446,Receptionist,ICU,2026-05-08 11:03:28.741878,2026-05-08 21:03:28.741878,4,5,On Leave
STAFF00447,Technician,ICU,2026-04-26 12:01:05.245740,2026-04-27 00:01:05.245740,9,5,Available
STAFF00448,Ward Boy,Emergency,2026-05-08 21:19:42.751495,2026-05-09 09:19:42.751495,4,0,Available
STAFF00449,Doctor,Neurology,2026-05-11 12:36:56.507163,2026-05-11 20:36:56.507163,15,6,Available
STAFF00450,Technician,Surgery,2026-04-27 19:02:58.900092,2026-04-28 03:02:58.900092,16,4,On Leave
STAFF00451,Nurse,Emergency,2026-05-16 15:05:53.944902,2026-05-16 21:05:53.944902,4,4,Available
STAFF00452,Receptionist,ICU,2026-04-29 02:52:24.208930,2026-04-29 10:52:24.208930,7,5,On Leave
STAFF00453,Receptionist,Emergency,2026-05-06 17:42:33.628655,2026-05-07 01:42:33.628655,17,5,Busy
STAFF00454,Ward Boy,Surgery,2026-05-04 01:10:46.186594,2026-05-04 07:10:46.186594,3,5,On Leave
STAFF00455,Ward Boy,Surgery,2026-05-20 05:23:59.637276,2026-05-20 13:23:59.637276,9,6,Busy
STAFF00456,Technician,Emergency,2026-04-29 06:44:54.709507,2026-04-29 18:44:54.709507,20,1,Busy
STAFF00457,Receptionist,Neurology,2026-05-21 00:12:02.896345,2026-05-21 06:12:02.896345,6,5,Busy
STAFF00458,Receptionist,Cardiology,2026-05-16 21:33:21.874619,2026-05-17 05:33:21.874619,9,3,Busy
STAFF00459,Technician,ICU,2026-05-17 05:39:26.417068,2026-05-17 17:39:26.417068,19,2,Busy
STAFF00460,Receptionist,Neurology,2026-05-06 03:39:26.716007,2026-05-06 15:39:26.716007,19,6,Available
STAFF00461,Nurse,Emergency,2026-05-15 19:45:04.629743,2026-05-16 07:45:04.629743,7,3,Busy
STAFF00462,Nurse,Surgery,2026-05-09 12:44:37.573544,2026-05-09 18:44:37.573544,9,1,Busy
STAFF00463,Ward Boy,Emergency,2026-05-17 18:38:18.159177,2026-05-18 00:38:18.159177,12,4,Available
STAFF00464,Receptionist,Surgery,2026-05-11 19:08:48.058589,2026-05-12 05:08:48.058589,1,3,On Leave
STAFF00465,Doctor,Cardiology,2026-05-21 02:39:52.120571,2026-05-21 12:39:52.120571,9,3,Busy
STAFF00466,Technician,Emergency,2026-05-05 13:31:27.106603,2026-05-05 23:31:27.106603,19,5,Busy
STAFF00467,Receptionist,Surgery,2026-05-21 09:16:16.191771,2026-05-21 19:16:16.191771,12,0,Busy
STAFF00468,Ward Boy,ICU,2026-05-13 07:34:48.382165,2026-05-13 13:34:48.382165,3,0,Busy
STAFF00469,Technician,ICU,2026-05-02 08:36:10.733587,2026-05-02 16:36:10.733587,20,3,Busy
STAFF00470,Doctor,Emergency,2026-05-02 17:40:55.740333,2026-05-03 05:40:55.740333,15,6,Available
STAFF00471,Ward Boy,Emergency,2026-04-24 17:24:10.654717,2026-04-25 01:24:10.654717,19,2,On Leave
STAFF00472,Ward Boy,ICU,2026-05-09 19:48:08.604246,2026-05-10 03:48:08.604246,20,4,On Leave
STAFF00473,Nurse,Cardiology,2026-04-22 18:56:20.215565,2026-04-23 00:56:20.215565,15,2,Available
STAFF00474,Technician,Emergency,2026-05-04 11:12:12.100927,2026-05-04 23:12:12.100927,3,3,On Leave
STAFF00475,Technician,Emergency,2026-05-11 18:38:25.164277,2026-05-12 02:38:25.164277,6,2,On Leave
STAFF00476,Doctor,Neurology,2026-05-08 23:10:05.445247,2026-05-09 07:10:05.445247,16,6,On Leave
STAFF00477,Ward Boy,ICU,2026-05-01 21:40:06.024293,2026-05-02 07:40:06.024293,7,6,On Leave
STAFF00478,Doctor,Emergency,2026-05-01 07:16:56.281988,2026-05-01 15:16:56.281988,12,6,Busy
STAFF00479,Nurse,Neurology,2026-05-22 15:06:01.155959,2026-05-22 23:06:01.155959,12,3,On Leave
STAFF00480,Technician,Neurology,2026-05-09 18:54:05.867519,2026-05-10 06:54:05.867519,13,1,On Leave
STAFF00481,Technician,Cardiology,2026-05-08 14:42:51.053760,2026-05-08 20:42:51.053760,1,6,Busy
STAFF00482,Nurse,Emergency,2026-04-23 22:23:58.067924,2026-04-24 08:23:58.067924,19,2,Busy
STAFF00483,Ward Boy,Cardiology,2026-05-22 08:25:54.039588,2026-05-22 16:25:54.039588,5,4,Available
STAFF00484,Ward Boy,Surgery,2026-05-12 01:13:35.297127,2026-05-12 07:13:35.297127,16,3,Busy
STAFF00485,Technician,ICU,2026-04-26 03:18:55.799630,2026-04-26 13:18:55.799630,7,6,Busy
STAFF00486,Nurse,Surgery,2026-05-15 09:21:40.442985,2026-05-15 21:21:40.442985,4,5,Available
STAFF00487,Receptionist,ICU,2026-05-20 11:12:47.817191,2026-05-20 19:12:47.817191,17,2,Busy
STAFF00488,Doctor,Neurology,2026-04-30 18:06:48.125291,2026-05-01 00:06:48.125291,3,4,Busy
STAFF00489,Doctor,Emergency,2026-05-01 18:32:20.328075,2026-05-02 04:32:20.328075,15,2,Available
STAFF00490,Receptionist,ICU,2026-05-18 15:12:34.850565,2026-05-19 01:12:34.850565,3,2,On Leave
STAFF00491,Ward Boy,ICU,2026-04-25 09:56:54.574060,2026-04-25 15:56:54.574060,18,0,Available
STAFF00492,Technician,Emergency,2026-05-10 16:48:15.264580,2026-05-10 22:48:15.264580,14,3,On Leave
STAFF00493,Doctor,Neurology,2026-05-17 15:46:15.874049,2026-05-17 23:46:15.874049,18,6,Busy
STAFF00494,Nurse,ICU,2026-05-13 15:37:52.582858,2026-05-13 21:37:52.582858,13,5,On Leave
STAFF00495,Receptionist,ICU,2026-05-15 08:27:56.386774,2026-05-15 16:27:56.386774,1,0,Busy
STAFF00496,Receptionist,ICU,2026-04-27 19:28:50.870909,2026-04-28 07:28:50.870909,15,5,Available
STAFF00497,Nurse,Neurology,2026-04-23 04:01:48.768979,2026-04-23 10:01:48.768979,8,1,Busy
STAFF00498,Receptionist,Cardiology,2026-05-03 18:24:19.988813,2026-05-04 06:24:19.988813,15,5,On Leave
STAFF00499,Nurse,Neurology,2026-05-04 15:39:23.297435,2026-05-04 23:39:23.297435,10,1,Available
STAFF00500,Receptionist,Neurology,2026-05-13 20:05:54.250788,2026-05-14 06:05:54.250788,19,1,Available
STAFF00501,Technician,ICU,2026-05-14 22:03:25.761236,2026-05-15 06:03:25.761236,14,5,Busy
STAFF00502,Technician,Emergency,2026-04-27 20:06:59.684213,2026-04-28 02:06:59.684213,14,2,Available
STAFF00503,Receptionist,Surgery,2026-04-27 22:02:31.001329,2026-04-28 10:02:31.001329,6,4,Available
STAFF00504,Technician,Surgery,2026-04-28 05:27:13.485790,2026-04-28 17:27:13.485790,5,3,Available
STAFF00505,Nurse,Emergency,2026-04-27 17:57:25.643224,2026-04-27 23:57:25.643224,10,6,On Leave
STAFF00506,Nurse,Neurology,2026-05-09 08:12:19.675938,2026-05-09 16:12:19.675938,14,4,Available
STAFF00507,Ward Boy,Neurology,2026-05-20 15:07:11.900943,2026-05-21 03:07:11.900943,13,2,On Leave
STAFF00508,Technician,ICU,2026-05-19 14:50:44.903751,2026-05-19 20:50:44.903751,19,0,Available
STAFF00509,Nurse,Cardiology,2026-05-09 17:08:09.808884,2026-05-10 05:08:09.808884,1,3,Busy
STAFF00510,Nurse,Emergency,2026-04-28 15:45:31.708409,2026-04-28 23:45:31.708409,18,1,Available
STAFF00511,Receptionist,Surgery,2026-04-28 05:26:25.238435,2026-04-28 17:26:25.238435,4,6,On Leave
STAFF00512,Receptionist,Emergency,2026-05-05 02:47:27.297212,2026-05-05 10:47:27.297212,7,4,Busy
STAFF00513,Technician,Emergency,2026-04-29 01:47:12.708112,2026-04-29 07:47:12.708112,7,6,On Leave
STAFF00514,Doctor,Neurology,2026-04-29 23:23:19.322833,2026-04-30 09:23:19.322833,15,4,Available
STAFF00515,Doctor,ICU,2026-05-07 21:50:25.200395,2026-05-08 07:50:25.200395,13,2,Available
STAFF00516,Technician,Cardiology,2026-05-07 17:06:50.092771,2026-05-08 05:06:50.092771,8,1,Busy
STAFF00517,Doctor,Neurology,2026-04-25 02:51:37.091615,2026-04-25 14:51:37.091615,14,2,Busy
STAFF00518,Receptionist,Surgery,2026-05-07 06:29:52.949635,2026-05-07 16:29:52.949635,3,5,On Leave
STAFF00519,Receptionist,Surgery,2026-04-29 11:31:59.637079,2026-04-29 23:31:59.637079,12,2,On Leave
STAFF00520,Nurse,Surgery,2026-05-21 07:32:02.882183,2026-05-21 17:32:02.882183,9,1,Available
STAFF00521,Nurse,ICU,2026-05-11 19:40:31.978989,2026-05-12 01:40:31.978989,10,3,On Leave
STAFF00522,Technician,ICU,2026-05-11 13:08:36.843196,2026-05-11 23:08:36.843196,13,1,Available
STAFF00523,Technician,Surgery,2026-05-12 14:23:30.134443,2026-05-13 00:23:30.134443,4,1,Available
STAFF00524,Receptionist,Neurology,2026-05-11 18:20:55.128848,2026-05-12 02:20:55.128848,14,3,On Leave
STAFF00525,Receptionist,Emergency,2026-04-26 22:03:58.627135,2026-04-27 04:03:58.627135,18,0,Busy
STAFF00526,Ward Boy,Emergency,2026-04-23 00:55:24.479786,2026-04-23 06:55:24.479786,8,3,Available
STAFF00527,Doctor,Emergency,2026-05-05 21:19:24.640579,2026-05-06 05:19:24.640579,12,3,Available
STAFF00528,Technician,Surgery,2026-05-15 15:41:14.307504,2026-05-16 03:41:14.307504,1,5,On Leave
STAFF00529,Technician,Cardiology,2026-05-19 21:49:58.961195,2026-05-20 03:49:58.961195,11,1,Available
STAFF00530,Technician,Surgery,2026-05-15 05:58:31.147662,2026-05-15 11:58:31.147662,5,1,Busy
STAFF00531,Technician,Emergency,2026-05-02 11:08:24.965176,2026-05-02 21:08:24.965176,6,1,Available
STAFF00532,Receptionist,Neurology,2026-04-26 18:01:42.076776,2026-04-27 06:01:42.076776,8,2,Busy
STAFF00533,Receptionist,Surgery,2026-05-07 14:09:45.403214,2026-05-08 02:09:45.403214,16,3,Busy
STAFF00534,Ward Boy,Surgery,2026-05-01 05:40:22.794530,2026-05-01 17:40:22.794530,1,4,Available
STAFF00535,Nurse,Surgery,2026-05-20 06:11:57.852465,2026-05-20 16:11:57.852465,19,4,Busy
STAFF00536,Receptionist,Emergency,2026-05-19 20:21:30.900555,2026-05-20 06:21:30.900555,1,6,Busy
STAFF00537,Receptionist,Emergency,2026-05-19 22:06:31.345508,2026-05-20 04:06:31.345508,2,3,On Leave
STAFF00538,Doctor,Neurology,2026-04-23 21:32:59.968290,2026-04-24 05:32:59.968290,17,2,Busy
STAFF00539,Receptionist,ICU,2026-05-10 13:02:12.029636,2026-05-10 23:02:12.029636,19,6,Busy
STAFF00540,Doctor,Surgery,2026-05-18 16:44:58.333075,2026-05-19 04:44:58.333075,3,5,Busy
STAFF00541,Ward Boy,Surgery,2026-05-09 09:16:02.070723,2026-05-09 17:16:02.070723,4,1,Busy
STAFF00542,Nurse,Emergency,2026-05-08 16:05:49.744607,2026-05-09 04:05:49.744607,2,2,Available
STAFF00543,Ward Boy,Cardiology,2026-04-28 13:27:25.343039,2026-04-28 23:27:25.343039,14,6,Busy
STAFF00544,Doctor,Surgery,2026-04-25 04:58:24.650788,2026-04-25 12:58:24.650788,4,3,Available
STAFF00545,Ward Boy,Emergency,2026-05-22 16:06:17.268252,2026-05-23 04:06:17.268252,8,4,Available
STAFF00546,Receptionist,Neurology,2026-04-24 18:44:06.761401,2026-04-25 04:44:06.761401,9,3,Available
STAFF00547,Doctor,ICU,2026-05-08 03:48:44.546590,2026-05-08 09:48:44.546590,15,1,Available
STAFF00548,Ward Boy,Cardiology,2026-05-15 22:27:41.849356,2026-05-16 08:27:41.849356,5,4,Available
STAFF00549,Ward Boy,Surgery,2026-04-24 19:23:24.822820,2026-04-25 07:23:24.822820,12,0,Busy
STAFF00550,Doctor,Emergency,2026-04-26 02:45:16.032333,2026-04-26 14:45:16.032333,18,2,Available
STAFF00551,Nurse,Cardiology,2026-05-19 06:53:36.284864,2026-05-19 18:53:36.284864,1,2,Busy
STAFF00552,Nurse,Emergency,2026-04-27 00:41:03.921912,2026-04-27 08:41:03.921912,15,4,Busy
STAFF00553,Technician,ICU,2026-05-12 12:45:12.652491,2026-05-12 22:45:12.652491,7,5,Busy
STAFF00554,Receptionist,Neurology,2026-04-25 17:09:06.499341,2026-04-26 03:09:06.499341,6,2,Busy
STAFF00555,Technician,ICU,2026-04-25 13:19:12.665756,2026-04-25 21:19:12.665756,6,5,Available
STAFF00556,Technician,Cardiology,2026-04-30 02:54:38.235999,2026-04-30 14:54:38.235999,4,1,On Leave
STAFF00557,Ward Boy,Cardiology,2026-05-21 21:46:03.043842,2026-05-22 03:46:03.043842,11,5,Available
STAFF00558,Ward Boy,Emergency,2026-04-27 20:55:06.681441,2026-04-28 04:55:06.681441,6,5,Available
STAFF00559,Technician,Surgery,2026-05-15 13:30:05.169578,2026-05-15 21:30:05.169578,17,4,Available
STAFF00560,Ward Boy,Surgery,2026-05-07 22:20:45.008328,2026-05-08 06:20:45.008328,13,1,Available
STAFF00561,Receptionist,ICU,2026-05-08 23:28:10.202464,2026-05-09 05:28:10.202464,2,4,Available
STAFF00562,Nurse,ICU,2026-05-18 20:19:16.299196,2026-05-19 08:19:16.299196,11,2,On Leave
STAFF00563,Technician,Cardiology,2026-05-18 20:43:31.430587,2026-05-19 04:43:31.430587,5,5,On Leave
STAFF00564,Ward Boy,Neurology,2026-05-11 13:19:14.619243,2026-05-11 23:19:14.619243,13,2,On Leave
STAFF00565,Technician,Emergency,2026-05-09 18:20:38.763066,2026-05-10 04:20:38.763066,14,0,Available
STAFF00566,Technician,Cardiology,2026-05-01 12:18:05.923022,2026-05-02 00:18:05.923022,10,3,Busy
STAFF00567,Technician,Cardiology,2026-05-05 19:17:59.715800,2026-05-06 05:17:59.715800,12,6,Busy
STAFF00568,Nurse,ICU,2026-05-06 13:45:17.943415,2026-05-06 23:45:17.943415,5,4,Busy
STAFF00569,Nurse,Surgery,2026-05-07 19:24:48.205170,2026-05-08 07:24:48.205170,16,1,Busy
STAFF00570,Ward Boy,Emergency,2026-05-17 14:05:34.838926,2026-05-18 00:05:34.838926,17,6,Available
STAFF00571,Ward Boy,Neurology,2026-05-19 22:50:35.582552,2026-05-20 10:50:35.582552,19,1,Busy
STAFF00572,Nurse,Cardiology,2026-05-09 09:15:28.197135,2026-05-09 17:15:28.197135,5,3,Busy
STAFF00573,Receptionist,Emergency,2026-05-11 13:03:33.207333,2026-05-11 21:03:33.207333,6,4,Busy
STAFF00574,Doctor,Cardiology,2026-05-11 02:43:10.547083,2026-05-11 08:43:10.547083,18,1,Busy
STAFF00575,Technician,Emergency,2026-05-13 06:50:07.464077,2026-05-13 12:50:07.464077,16,3,Available
STAFF00576,Nurse,Emergency,2026-04-27 01:03:06.713078,2026-04-27 07:03:06.713078,8,3,Busy
STAFF00577,Nurse,Surgery,2026-05-03 08:14:04.933703,2026-05-03 14:14:04.933703,8,0,On Leave
STAFF00578,Doctor,Emergency,2026-05-16 00:37:17.161738,2026-05-16 08:37:17.161738,10,0,Busy
STAFF00579,Nurse,ICU,2026-05-02 16:04:28.090301,2026-05-02 22:04:28.090301,2,2,On Leave
STAFF00580,Ward Boy,Neurology,2026-05-02 01:11:32.994104,2026-05-02 09:11:32.994104,17,1,Busy
STAFF00581,Nurse,Emergency,2026-05-05 17:18:53.893760,2026-05-06 05:18:53.893760,18,2,On Leave
STAFF00582,Receptionist,Emergency,2026-05-16 22:32:24.220128,2026-05-17 10:32:24.220128,6,4,Busy
STAFF00583,Doctor,Emergency,2026-04-27 02:18:44.621245,2026-04-27 10:18:44.621245,16,2,On Leave
STAFF00584,Technician,ICU,2026-04-30 10:46:36.035901,2026-04-30 18:46:36.035901,17,5,On Leave
STAFF00585,Receptionist,Emergency,2026-05-12 00:39:56.044886,2026-05-12 12:39:56.044886,20,3,On Leave
STAFF00586,Ward Boy,Cardiology,2026-05-10 10:50:28.383382,2026-05-10 22:50:28.383382,11,0,On Leave
STAFF00587,Ward Boy,Cardiology,2026-05-20 17:09:05.582555,2026-05-21 01:09:05.582555,19,3,Busy
STAFF00588,Nurse,ICU,2026-04-29 02:48:45.119157,2026-04-29 10:48:45.119157,9,1,Available
STAFF00589,Ward Boy,Cardiology,2026-05-08 06:29:07.043215,2026-05-08 18:29:07.043215,2,4,Busy
STAFF00590,Ward Boy,Cardiology,2026-05-17 03:20:20.899313,2026-05-17 09:20:20.899313,6,5,Available
STAFF00591,Doctor,Neurology,2026-04-23 10:48:47.362351,2026-04-23 22:48:47.362351,1,6,Busy
STAFF00592,Technician,Emergency,2026-05-17 22:00:54.403318,2026-05-18 06:00:54.403318,15,2,Busy
STAFF00593,Receptionist,Cardiology,2026-05-06 09:25:19.858794,2026-05-06 21:25:19.858794,5,4,Busy
STAFF00594,Doctor,Surgery,2026-04-27 10:48:04.412259,2026-04-27 16:48:04.412259,7,6,On Leave
STAFF00595,Ward Boy,ICU,2026-05-05 00:32:30.043800,2026-05-05 06:32:30.043800,8,6,Available
STAFF00596,Doctor,Cardiology,2026-05-02 03:01:19.065852,2026-05-02 13:01:19.065852,6,2,Busy
STAFF00597,Ward Boy,Emergency,2026-05-21 23:28:56.305289,2026-05-22 07:28:56.305289,4,5,Busy
STAFF00598,Doctor,Neurology,2026-05-13 11:59:44.171945,2026-05-13 21:59:44.171945,20,2,On Leave
STAFF00599,Ward Boy,Neurology,2026-05-11 23:13:05.978982,2026-05-12 05:13:05.978982,5,0,Available
STAFF00600,Ward Boy,Cardiology,2026-04-27 21:15:07.051961,2026-04-28 03:15:07.051961,20,2,On Leave
STAFF00601,Doctor,Neurology,2026-04-26 13:18:57.064021,2026-04-26 19:18:57.064021,8,0,Available
STAFF00602,Ward Boy,Cardiology,2026-04-23 22:27:34.241552,2026-04-24 04:27:34.241552,13,2,Available
STAFF00603,Technician,ICU,2026-05-01 21:42:55.723632,2026-05-02 05:42:55.723632,7,3,On Leave
STAFF00604,Receptionist,Surgery,2026-05-09 21:36:25.624496,2026-05-10 03:36:25.624496,7,5,On Leave
STAFF00605,Technician,Surgery,2026-05-01 03:47:23.165277,2026-05-01 13:47:23.165277,15,2,Busy
STAFF00606,Receptionist,Cardiology,2026-05-17 08:01:06.718611,2026-05-17 18:01:06.718611,17,5,Busy
STAFF00607,Technician,Emergency,2026-05-02 02:18:32.285325,2026-05-02 14:18:32.285325,7,2,On Leave
STAFF00608,Ward Boy,Neurology,2026-05-02 08:07:37.065997,2026-05-02 18:07:37.065997,11,1,Available
STAFF00609,Technician,Cardiology,2026-05-04 15:17:16.362153,2026-05-04 23:17:16.362153,5,0,Available
STAFF00610,Nurse,Cardiology,2026-05-20 06:51:58.199257,2026-05-20 14:51:58.199257,4,4,Available
STAFF00611,Nurse,Neurology,2026-04-29 15:41:33.770352,2026-04-29 23:41:33.770352,17,0,Busy
STAFF00612,Doctor,Surgery,2026-05-08 02:34:50.944983,2026-05-08 10:34:50.944983,15,5,Busy
STAFF00613,Nurse,Surgery,2026-05-09 14:44:51.246712,2026-05-10 02:44:51.246712,1,1,Busy
STAFF00614,Doctor,Neurology,2026-05-01 07:55:52.903438,2026-05-01 13:55:52.903438,20,0,Available
STAFF00615,Technician,ICU,2026-05-16 21:10:23.047726,2026-05-17 05:10:23.047726,4,4,Available
STAFF00616,Nurse,Surgery,2026-05-07 12:51:18.164324,2026-05-07 18:51:18.164324,16,4,Available
STAFF00617,Receptionist,ICU,2026-04-25 18:52:44.072855,2026-04-26 06:52:44.072855,5,4,Busy
STAFF00618,Doctor,Neurology,2026-05-16 02:40:17.744406,2026-05-16 08:40:17.744406,20,2,Available
STAFF00619,Technician,Cardiology,2026-04-30 09:57:46.354715,2026-04-30 19:57:46.354715,19,6,On Leave
STAFF00620,Receptionist,Neurology,2026-05-01 20:15:47.196239,2026-05-02 06:15:47.196239,10,3,On Leave
STAFF00621,Receptionist,Surgery,2026-04-23 15:42:17.402480,2026-04-24 03:42:17.402480,15,0,Available
STAFF00622,Nurse,Cardiology,2026-04-23 01:43:48.907951,2026-04-23 13:43:48.907951,2,1,Busy
STAFF00623,Ward Boy,ICU,2026-05-17 12:40:59.410061,2026-05-17 22:40:59.410061,8,6,Busy
STAFF00624,Ward Boy,Surgery,2026-05-14 08:40:23.018633,2026-05-14 14:40:23.018633,5,3,Busy
STAFF00625,Doctor,Neurology,2026-05-13 01:35:59.896272,2026-05-13 13:35:59.896272,13,6,Busy
STAFF00626,Nurse,Cardiology,2026-04-30 19:51:01.205229,2026-05-01 01:51:01.205229,14,0,Busy
STAFF00627,Technician,Surgery,2026-05-06 05:34:57.297939,2026-05-06 11:34:57.297939,7,0,Available
STAFF00628,Doctor,ICU,2026-04-25 21:38:39.745585,2026-04-26 09:38:39.745585,11,5,Busy
STAFF00629,Technician,Emergency,2026-04-25 06:09:14.093928,2026-04-25 14:09:14.093928,15,2,Busy
STAFF00630,Nurse,Cardiology,2026-05-05 12:36:32.119681,2026-05-05 20:36:32.119681,14,1,Busy
STAFF00631,Technician,Surgery,2026-05-09 17:52:55.285209,2026-05-10 03:52:55.285209,13,5,Busy
STAFF00632,Ward Boy,Emergency,2026-04-29 16:54:10.625773,2026-04-29 22:54:10.625773,19,2,On Leave
STAFF00633,Ward Boy,Neurology,2026-05-03 18:03:07.602789,2026-05-04 06:03:07.602789,2,4,Busy
STAFF00634,Doctor,Cardiology,2026-04-25 10:57:47.796770,2026-04-25 22:57:47.796770,6,3,On Leave
STAFF00635,Technician,Surgery,2026-05-09 16:17:54.402772,2026-05-10 02:17:54.402772,18,0,Available
STAFF00636,Doctor,Emergency,2026-05-01 09:19:08.954887,2026-05-01 15:19:08.954887,20,0,Busy
STAFF00637,Technician,Surgery,2026-04-28 20:56:53.796846,2026-04-29 08:56:53.796846,7,2,Available
STAFF00638,Technician,Neurology,2026-05-10 16:27:22.223928,2026-05-11 00:27:22.223928,14,1,Available
STAFF00639,Ward Boy,ICU,2026-04-29 21:33:35.207433,2026-04-30 03:33:35.207433,20,4,Busy
STAFF00640,Nurse,Emergency,2026-04-28 13:26:53.221828,2026-04-29 01:26:53.221828,3,6,Busy
STAFF00641,Technician,Neurology,2026-05-01 04:46:47.654419,2026-05-01 12:46:47.654419,6,0,Available
STAFF00642,Technician,Neurology,2026-05-14 19:09:12.115782,2026-05-15 03:09:12.115782,10,2,Available
STAFF00643,Nurse,Surgery,2026-04-24 15:21:54.295295,2026-04-24 21:21:54.295295,11,0,Busy
STAFF00644,Receptionist,Cardiology,2026-05-12 05:51:06.888998,2026-05-12 13:51:06.888998,1,4,Busy
STAFF00645,Ward Boy,ICU,2026-04-25 17:31:19.027329,2026-04-25 23:31:19.027329,3,3,On Leave
STAFF00646,Nurse,Neurology,2026-05-13 13:02:09.017323,2026-05-14 01:02:09.017323,18,5,Busy
STAFF00647,Receptionist,Neurology,2026-04-25 12:31:27.009829,2026-04-25 22:31:27.009829,16,2,On Leave
STAFF00648,Nurse,ICU,2026-05-01 23:20:42.494828,2026-05-02 09:20:42.494828,20,2,Busy
STAFF00649,Ward Boy,Neurology,2026-05-12 10:46:13.117721,2026-05-12 22:46:13.117721,14,5,Busy
STAFF00650,Receptionist,Cardiology,2026-05-01 21:57:43.518560,2026-05-02 03:57:43.518560,16,4,On Leave
STAFF00651,Nurse,Neurology,2026-05-02 03:48:22.242151,2026-05-02 11:48:22.242151,12,2,Busy
STAFF00652,Technician,Neurology,2026-05-10 12:43:11.482826,2026-05-10 22:43:11.482826,4,5,On Leave
STAFF00653,Receptionist,ICU,2026-05-17 12:15:29.221725,2026-05-17 22:15:29.221725,17,3,Busy
STAFF00654,Receptionist,Cardiology,2026-05-12 11:15:56.121101,2026-05-12 21:15:56.121101,16,1,Available
STAFF00655,Ward Boy,Emergency,2026-04-25 14:50:57.739846,2026-04-26 00:50:57.739846,7,4,Available
STAFF00656,Ward Boy,Cardiology,2026-05-20 07:03:07.437651,2026-05-20 19:03:07.437651,15,1,Busy
STAFF00657,Doctor,Cardiology,2026-05-08 23:41:25.692947,2026-05-09 05:41:25.692947,14,6,Available
STAFF00658,Ward Boy,Emergency,2026-05-06 17:34:22.433985,2026-05-07 01:34:22.433985,6,2,Available
STAFF00659,Nurse,Neurology,2026-05-01 18:45:55.869754,2026-05-02 02:45:55.869754,10,3,Busy
STAFF00660,Receptionist,Neurology,2026-05-19 12:16:26.358579,2026-05-19 22:16:26.358579,16,3,Available
STAFF00661,Technician,Surgery,2026-05-12 20:18:15.838994,2026-05-13 04:18:15.838994,9,4,Available
STAFF00662,Technician,Surgery,2026-05-02 01:26:47.245383,2026-05-02 11:26:47.245383,13,3,Busy
STAFF00663,Ward Boy,Cardiology,2026-04-26 00:02:33.556551,2026-04-26 08:02:33.556551,6,4,On Leave
STAFF00664,Receptionist,Emergency,2026-05-17 07:09:27.878207,2026-05-17 13:09:27.878207,20,4,Available
STAFF00665,Ward Boy,ICU,2026-04-26 09:03:29.578565,2026-04-26 17:03:29.578565,4,5,Busy
STAFF00666,Receptionist,Cardiology,2026-05-16 07:35:13.400015,2026-05-16 19:35:13.400015,1,0,On Leave
STAFF00667,Receptionist,Emergency,2026-05-07 21:20:36.771641,2026-05-08 07:20:36.771641,8,5,Busy
STAFF00668,Nurse,Neurology,2026-05-04 23:38:11.109414,2026-05-05 11:38:11.109414,7,4,Busy
STAFF00669,Receptionist,ICU,2026-05-09 11:49:53.775141,2026-05-09 17:49:53.775141,20,4,On Leave
STAFF00670,Ward Boy,ICU,2026-04-25 15:28:55.614660,2026-04-26 03:28:55.614660,3,0,Available
STAFF00671,Technician,Emergency,2026-05-04 05:16:55.466548,2026-05-04 15:16:55.466548,20,6,On Leave
STAFF00672,Technician,Cardiology,2026-04-24 23:27:46.865162,2026-04-25 05:27:46.865162,3,1,Available
STAFF00673,Ward Boy,ICU,2026-05-13 18:20:35.003559,2026-05-14 06:20:35.003559,8,1,Available
STAFF00674,Technician,ICU,2026-04-25 22:51:50.446858,2026-04-26 04:51:50.446858,12,2,Available
STAFF00675,Technician,ICU,2026-05-08 21:44:00.632419,2026-05-09 05:44:00.632419,5,5,On Leave
STAFF00676,Technician,Cardiology,2026-05-01 12:25:27.010555,2026-05-01 18:25:27.010555,16,2,Busy
STAFF00677,Ward Boy,Neurology,2026-05-04 15:56:31.093205,2026-05-04 21:56:31.093205,14,0,On Leave
STAFF00678,Receptionist,Cardiology,2026-05-16 11:06:32.437706,2026-05-16 21:06:32.437706,5,0,Busy
STAFF00679,Nurse,Emergency,2026-05-16 21:15:24.925131,2026-05-17 07:15:24.925131,3,5,On Leave
STAFF00680,Technician,Surgery,2026-05-14 10:30:40.183360,2026-05-14 18:30:40.183360,14,0,Busy
STAFF00681,Technician,Cardiology,2026-05-14 03:36:03.872458,2026-05-14 13:36:03.872458,7,1,Available
STAFF00682,Technician,Surgery,2026-04-26 02:15:17.181014,2026-04-26 12:15:17.181014,4,1,Available
STAFF00683,Nurse,ICU,2026-04-27 21:03:01.325263,2026-04-28 09:03:01.325263,11,6,On Leave
STAFF00684,Technician,Neurology,2026-05-02 07:28:34.179619,2026-05-02 19:28:34.179619,11,6,On Leave
STAFF00685,Nurse,Emergency,2026-05-12 07:58:49.538147,2026-05-12 19:58:49.538147,13,1,Available
STAFF00686,Nurse,ICU,2026-05-16 17:31:44.596901,2026-05-17 03:31:44.596901,11,5,On Leave
STAFF00687,Technician,ICU,2026-05-08 13:16:11.746418,2026-05-09 01:16:11.746418,10,2,On Leave
STAFF00688,Receptionist,ICU,2026-05-10 12:46:57.498068,2026-05-10 18:46:57.498068,20,1,Available
STAFF00689,Technician,Cardiology,2026-05-18 23:13:57.628675,2026-05-19 11:13:57.628675,11,4,Busy
STAFF00690,Nurse,Surgery,2026-05-11 21:00:54.342540,2026-05-12 09:00:54.342540,11,2,Busy
STAFF00691,Technician,Cardiology,2026-05-13 00:18:21.609105,2026-05-13 12:18:21.609105,18,0,On Leave
STAFF00692,Nurse,Cardiology,2026-05-03 06:26:00.731044,2026-05-03 18:26:00.731044,16,0,Available
STAFF00693,Doctor,ICU,2026-05-01 13:11:28.881879,2026-05-01 21:11:28.881879,18,6,Busy
STAFF00694,Doctor,Neurology,2026-05-15 23:57:35.969661,2026-05-16 07:57:35.969661,16,3,On Leave
STAFF00695,Ward Boy,Emergency,2026-05-15 00:05:04.881648,2026-05-15 12:05:04.881648,19,2,Available
STAFF00696,Technician,ICU,2026-05-02 10:47:21.248827,2026-05-02 22:47:21.248827,3,1,Available
STAFF00697,Receptionist,Surgery,2026-05-18 22:11:40.142584,2026-05-19 10:11:40.142584,3,1,Busy
STAFF00698,Doctor,Cardiology,2026-05-01 12:01:12.510973,2026-05-01 20:01:12.510973,10,0,Busy
STAFF00699,Ward Boy,ICU,2026-04-28 01:56:26.526607,2026-04-28 11:56:26.526607,1,1,Busy
STAFF00700,Doctor,Neurology,2026-04-26 10:32:28.936002,2026-04-26 22:32:28.936002,5,1,Available
STAFF00701,Technician,Neurology,2026-05-01 14:47:33.026099,2026-05-02 00:47:33.026099,1,0,Busy
STAFF00702,Doctor,Cardiology,2026-05-20 21:06:15.802328,2026-05-21 05:06:15.802328,2,2,Busy
STAFF00703,Receptionist,Neurology,2026-04-27 05:38:39.119421,2026-04-27 11:38:39.119421,16,6,Busy
STAFF00704,Doctor,ICU,2026-05-10 13:12:41.306892,2026-05-10 23:12:41.306892,7,0,On Leave
STAFF00705,Technician,ICU,2026-04-28 12:54:24.003339,2026-04-28 18:54:24.003339,11,0,Available
STAFF00706,Nurse,Cardiology,2026-04-27 05:04:26.029449,2026-04-27 11:04:26.029449,4,3,On Leave
STAFF00707,Technician,Neurology,2026-05-03 15:03:55.772050,2026-05-04 03:03:55.772050,19,4,Available
STAFF00708,Nurse,Emergency,2026-05-16 00:13:48.371927,2026-05-16 10:13:48.371927,4,6,On Leave
STAFF00709,Nurse,ICU,2026-05-11 15:11:21.264159,2026-05-11 23:11:21.264159,6,1,On Leave
STAFF00710,Ward Boy,Neurology,2026-04-29 05:13:44.242166,2026-04-29 13:13:44.242166,8,2,On Leave
STAFF00711,Nurse,Neurology,2026-04-26 13:10:24.216599,2026-04-26 19:10:24.216599,18,6,Available
STAFF00712,Doctor,Surgery,2026-05-16 21:01:40.037975,2026-05-17 09:01:40.037975,14,6,On Leave
STAFF00713,Nurse,Neurology,2026-05-18 09:53:39.645610,2026-05-18 15:53:39.645610,2,6,Busy
STAFF00714,Nurse,ICU,2026-04-30 03:44:40.727891,2026-04-30 11:44:40.727891,18,4,On Leave
STAFF00715,Receptionist,Surgery,2026-05-21 08:55:35.017268,2026-05-21 18:55:35.017268,9,5,On Leave
STAFF00716,Doctor,Emergency,2026-05-02 20:18:25.525708,2026-05-03 04:18:25.525708,1,4,Available
STAFF00717,Doctor,Neurology,2026-05-18 20:19:09.059301,2026-05-19 06:19:09.059301,17,1,Busy
STAFF00718,Receptionist,Emergency,2026-05-11 08:05:36.229162,2026-05-11 16:05:36.229162,18,4,Available
STAFF00719,Ward Boy,Neurology,2026-04-26 17:48:23.961343,2026-04-27 01:48:23.961343,13,1,Available
STAFF00720,Nurse,Surgery,2026-05-03 05:54:08.494845,2026-05-03 15:54:08.494845,10,4,On Leave
STAFF00721,Technician,Neurology,2026-05-06 10:38:04.754396,2026-05-06 20:38:04.754396,5,5,On Leave
STAFF00722,Ward Boy,Emergency,2026-04-30 23:24:19.260420,2026-05-01 07:24:19.260420,2,5,Available
STAFF00723,Ward Boy,ICU,2026-05-19 07:27:52.158826,2026-05-19 15:27:52.158826,14,0,Available
STAFF00724,Ward Boy,Cardiology,2026-05-11 19:39:09.480129,2026-05-12 07:39:09.480129,4,5,Busy
STAFF00725,Ward Boy,Emergency,2026-05-18 13:59:34.025570,2026-05-18 19:59:34.025570,14,2,Busy
STAFF00726,Nurse,Surgery,2026-04-28 16:13:23.490027,2026-04-29 04:13:23.490027,15,5,Available
STAFF00727,Doctor,Emergency,2026-05-18 01:51:44.368588,2026-05-18 09:51:44.368588,11,4,Available
STAFF00728,Receptionist,Neurology,2026-05-09 06:32:19.913617,2026-05-09 12:32:19.913617,14,6,Available
STAFF00729,Nurse,Neurology,2026-04-28 02:47:53.721644,2026-04-28 10:47:53.721644,18,2,On Leave
STAFF00730,Nurse,Emergency,2026-05-09 22:45:13.708456,2026-05-10 04:45:13.708456,18,1,On Leave
STAFF00731,Receptionist,ICU,2026-05-21 02:29:03.564819,2026-05-21 12:29:03.564819,3,6,Busy
STAFF00732,Receptionist,ICU,2026-05-19 14:46:57.946817,2026-05-20 00:46:57.946817,16,1,Available
STAFF00733,Nurse,Neurology,2026-05-19 22:00:42.414777,2026-05-20 10:00:42.414777,18,2,Busy
STAFF00734,Technician,Surgery,2026-04-25 13:27:58.317893,2026-04-25 21:27:58.317893,3,6,Available
STAFF00735,Doctor,ICU,2026-05-20 04:40:49.565435,2026-05-20 16:40:49.565435,14,6,Busy
STAFF00736,Nurse,Surgery,2026-05-21 00:13:02.685430,2026-05-21 08:13:02.685430,8,0,Available
STAFF00737,Receptionist,Cardiology,2026-05-15 09:27:45.037696,2026-05-15 15:27:45.037696,12,1,On Leave
STAFF00738,Ward Boy,Surgery,2026-05-07 21:07:57.346107,2026-05-08 09:07:57.346107,20,0,On Leave
STAFF00739,Doctor,Surgery,2026-04-30 17:21:31.544954,2026-05-01 05:21:31.544954,12,4,On Leave
STAFF00740,Nurse,Neurology,2026-05-20 16:03:12.428445,2026-05-21 00:03:12.428445,16,5,Busy
STAFF00741,Receptionist,ICU,2026-05-08 18:45:45.979491,2026-05-09 02:45:45.979491,1,1,Available
STAFF00742,Doctor,ICU,2026-04-28 06:07:26.120505,2026-04-28 16:07:26.120505,10,2,Available
STAFF00743,Nurse,Emergency,2026-05-21 17:55:36.452502,2026-05-21 23:55:36.452502,1,5,On Leave
STAFF00744,Technician,Surgery,2026-05-12 22:23:27.752749,2026-05-13 08:23:27.752749,2,4,Available
STAFF00745,Doctor,Cardiology,2026-05-08 12:10:33.005368,2026-05-08 20:10:33.005368,1,2,Busy
STAFF00746,Ward Boy,ICU,2026-05-21 15:19:06.270835,2026-05-21 23:19:06.270835,3,1,Busy
STAFF00747,Doctor,Emergency,2026-05-20 14:31:14.648099,2026-05-20 22:31:14.648099,6,0,On Leave
STAFF00748,Ward Boy,Cardiology,2026-05-05 01:16:17.563636,2026-05-05 07:16:17.563636,6,3,Busy
STAFF00749,Technician,ICU,2026-05-10 11:17:08.484155,2026-05-10 23:17:08.484155,8,2,Available
STAFF00750,Doctor,Cardiology,2026-05-09 02:12:24.587120,2026-05-09 12:12:24.587120,20,4,Busy
STAFF00751,Ward Boy,Surgery,2026-05-03 19:40:17.785427,2026-05-04 03:40:17.785427,20,5,Available
STAFF00752,Receptionist,Surgery,2026-05-17 01:23:17.837288,2026-05-17 09:23:17.837288,5,0,Busy
STAFF00753,Technician,Emergency,2026-05-13 18:52:23.126430,2026-05-14 04:52:23.126430,20,6,On Leave
STAFF00754,Technician,ICU,2026-05-10 06:36:31.616337,2026-05-10 12:36:31.616337,16,1,Busy
STAFF00755,Nurse,Emergency,2026-05-18 16:14:01.285482,2026-05-19 04:14:01.285482,16,5,Available
STAFF00756,Ward Boy,ICU,2026-05-22 05:57:42.524104,2026-05-22 13:57:42.524104,8,2,On Leave
STAFF00757,Technician,Emergency,2026-05-08 16:00:24.254463,2026-05-09 04:00:24.254463,16,0,On Leave
STAFF00758,Receptionist,ICU,2026-04-24 19:44:00.340572,2026-04-25 05:44:00.340572,19,2,On Leave
STAFF00759,Ward Boy,Surgery,2026-05-05 01:46:07.930231,2026-05-05 07:46:07.930231,2,2,Available
STAFF00760,Receptionist,Neurology,2026-05-10 01:35:18.213688,2026-05-10 13:35:18.213688,20,3,Busy
STAFF00761,Receptionist,Neurology,2026-05-17 10:13:03.515815,2026-05-17 22:13:03.515815,8,3,Busy
STAFF00762,Receptionist,Emergency,2026-04-27 20:53:45.929926,2026-04-28 02:53:45.929926,13,3,On Leave
STAFF00763,Nurse,Emergency,2026-05-20 20:51:13.188035,2026-05-21 08:51:13.188035,17,0,Available
STAFF00764,Receptionist,Cardiology,2026-05-22 05:23:04.867427,2026-05-22 11:23:04.867427,18,4,On Leave
STAFF00765,Technician,Cardiology,2026-05-20 19:33:33.911085,2026-05-21 01:33:33.911085,20,1,Busy
STAFF00766,Nurse,Cardiology,2026-05-08 16:53:25.053530,2026-05-09 00:53:25.053530,13,3,On Leave
STAFF00767,Technician,Neurology,2026-05-02 10:51:09.942723,2026-05-02 22:51:09.942723,17,5,Busy
STAFF00768,Ward Boy,ICU,2026-05-22 16:56:41.487811,2026-05-23 00:56:41.487811,20,4,Available
STAFF00769,Technician,ICU,2026-05-16 06:23:59.017809,2026-05-16 14:23:59.017809,16,2,Busy
STAFF00770,Technician,Surgery,2026-05-01 06:52:30.129740,2026-05-01 12:52:30.129740,6,3,On Leave
STAFF00771,Nurse,ICU,2026-05-22 02:39:46.750811,2026-05-22 12:39:46.750811,2,6,Available
STAFF00772,Receptionist,Emergency,2026-05-01 08:15:50.759524,2026-05-01 14:15:50.759524,6,1,Busy
STAFF00773,Ward Boy,ICU,2026-05-07 13:47:46.806258,2026-05-07 21:47:46.806258,11,2,Busy
STAFF00774,Receptionist,ICU,2026-05-20 07:13:38.354458,2026-05-20 13:13:38.354458,2,2,Busy
STAFF00775,Receptionist,Surgery,2026-05-08 17:34:37.902041,2026-05-09 01:34:37.902041,1,3,On Leave
STAFF00776,Doctor,Emergency,2026-04-29 23:55:02.107062,2026-04-30 05:55:02.107062,20,6,On Leave
STAFF00777,Receptionist,Cardiology,2026-05-05 14:01:41.801373,2026-05-05 20:01:41.801373,18,0,Available
STAFF00778,Doctor,Surgery,2026-05-14 09:57:20.929475,2026-05-14 17:57:20.929475,6,4,Available
STAFF00779,Technician,ICU,2026-04-23 13:44:24.104780,2026-04-24 01:44:24.104780,3,0,On Leave
STAFF00780,Receptionist,Cardiology,2026-05-09 06:24:48.218981,2026-05-09 12:24:48.218981,4,4,Available
STAFF00781,Technician,Neurology,2026-04-29 22:28:00.733531,2026-04-30 10:28:00.733531,17,1,Available
STAFF00782,Ward Boy,Emergency,2026-04-29 16:10:23.259845,2026-04-30 00:10:23.259845,6,1,Available
STAFF00783,Technician,Neurology,2026-05-10 02:59:20.829750,2026-05-10 14:59:20.829750,10,3,On Leave
STAFF00784,Ward Boy,Surgery,2026-05-11 13:10:14.118826,2026-05-11 23:10:14.118826,20,1,Available
STAFF00785,Technician,Cardiology,2026-04-28 13:56:18.616143,2026-04-28 23:56:18.616143,12,3,On Leave
STAFF00786,Nurse,Cardiology,2026-05-13 00:14:07.737074,2026-05-13 08:14:07.737074,17,0,Available
STAFF00787,Receptionist,Surgery,2026-04-23 14:17:17.111279,2026-04-23 22:17:17.111279,5,3,On Leave
STAFF00788,Receptionist,ICU,2026-04-24 16:51:58.797389,2026-04-24 22:51:58.797389,7,2,On Leave
STAFF00789,Receptionist,Cardiology,2026-05-03 07:13:56.138855,2026-05-03 13:13:56.138855,18,1,Available
STAFF00790,Technician,ICU,2026-05-05 15:26:47.618121,2026-05-06 01:26:47.618121,12,1,On Leave
STAFF00791,Ward Boy,Neurology,2026-05-21 03:19:22.573015,2026-05-21 13:19:22.573015,7,6,On Leave
STAFF00792,Ward Boy,ICU,2026-04-27 11:31:50.881783,2026-04-27 23:31:50.881783,8,2,Busy
STAFF00793,Ward Boy,Surgery,2026-05-04 04:03:22.248659,2026-05-04 14:03:22.248659,10,3,Busy
STAFF00794,Technician,Surgery,2026-05-21 10:32:53.172420,2026-05-21 18:32:53.172420,20,6,Available
STAFF00795,Doctor,Emergency,2026-04-27 20:40:48.736234,2026-04-28 06:40:48.736234,13,5,Busy
STAFF00796,Ward Boy,Emergency,2026-05-20 03:27:11.189543,2026-05-20 09:27:11.189543,13,3,On Leave
STAFF00797,Ward Boy,Emergency,2026-04-24 06:08:35.676199,2026-04-24 18:08:35.676199,19,3,Available
STAFF00798,Doctor,Neurology,2026-05-08 19:07:44.336289,2026-05-09 07:07:44.336289,8,1,On Leave
STAFF00799,Receptionist,Neurology,2026-05-16 10:01:45.240097,2026-05-16 18:01:45.240097,6,0,Busy
STAFF00800,Technician,Neurology,2026-05-08 20:25:47.435976,2026-05-09 02:25:47.435976,19,1,Available
STAFF00801,Technician,Neurology,2026-05-18 17:28:33.915714,2026-05-19 05:28:33.915714,3,0,Available
STAFF00802,Nurse,Surgery,2026-05-22 07:55:23.820415,2026-05-22 17:55:23.820415,19,6,Available
STAFF00803,Nurse,Surgery,2026-05-15 04:41:38.027179,2026-05-15 14:41:38.027179,18,0,On Leave
STAFF00804,Nurse,Neurology,2026-05-12 19:10:26.721120,2026-05-13 05:10:26.721120,2,4,Available
STAFF00805,Nurse,Neurology,2026-05-07 17:34:19.309891,2026-05-08 01:34:19.309891,5,1,On Leave
STAFF00806,Nurse,Surgery,2026-05-15 21:54:07.083051,2026-05-16 09:54:07.083051,19,1,Available
STAFF00807,Receptionist,ICU,2026-05-18 04:02:31.766239,2026-05-18 16:02:31.766239,10,5,Busy
STAFF00808,Ward Boy,ICU,2026-04-28 03:40:36.561666,2026-04-28 13:40:36.561666,19,2,Busy
STAFF00809,Ward Boy,Cardiology,2026-05-15 01:03:57.577630,2026-05-15 13:03:57.577630,20,4,Busy
STAFF00810,Receptionist,Neurology,2026-05-13 10:26:41.028654,2026-05-13 20:26:41.028654,13,1,Available
STAFF00811,Receptionist,Cardiology,2026-05-09 21:29:53.180260,2026-05-10 05:29:53.180260,15,4,On Leave
STAFF00812,Technician,Neurology,2026-05-19 21:32:09.703116,2026-05-20 07:32:09.703116,15,3,Available
STAFF00813,Nurse,Emergency,2026-05-08 11:52:13.351552,2026-05-08 21:52:13.351552,8,4,On Leave
STAFF00814,Nurse,Surgery,2026-05-15 20:01:27.208538,2026-05-16 08:01:27.208538,11,1,Available
STAFF00815,Receptionist,Neurology,2026-05-04 18:17:23.356749,2026-05-05 06:17:23.356749,12,1,On Leave
STAFF00816,Ward Boy,Cardiology,2026-05-01 19:09:37.398720,2026-05-02 03:09:37.398720,16,5,Busy
STAFF00817,Ward Boy,Surgery,2026-04-29 16:28:31.653185,2026-04-30 04:28:31.653185,12,5,On Leave
STAFF00818,Ward Boy,Neurology,2026-05-16 11:46:09.246247,2026-05-16 21:46:09.246247,19,5,On Leave
STAFF00819,Nurse,Neurology,2026-05-04 15:34:58.106278,2026-05-04 23:34:58.106278,19,5,Busy
STAFF00820,Receptionist,Cardiology,2026-05-13 07:07:48.405000,2026-05-13 17:07:48.405000,4,2,Busy
STAFF00821,Technician,Neurology,2026-05-07 12:02:28.730838,2026-05-07 20:02:28.730838,11,2,Available
STAFF00822,Doctor,Neurology,2026-05-12 16:26:05.693445,2026-05-12 22:26:05.693445,13,4,On Leave
STAFF00823,Doctor,Neurology,2026-05-02 17:18:13.011372,2026-05-02 23:18:13.011372,20,1,Available
STAFF00824,Technician,ICU,2026-04-23 14:53:41.860666,2026-04-23 20:53:41.860666,17,1,Available
STAFF00825,Ward Boy,Surgery,2026-04-25 14:46:32.045216,2026-04-25 22:46:32.045216,8,3,Busy
STAFF00826,Ward Boy,Surgery,2026-05-04 01:24:27.310018,2026-05-04 13:24:27.310018,7,6,On Leave
STAFF00827,Nurse,Cardiology,2026-05-20 02:32:06.764317,2026-05-20 10:32:06.764317,18,1,Busy
STAFF00828,Receptionist,Cardiology,2026-05-21 21:33:38.569070,2026-05-22 03:33:38.569070,11,6,Available
STAFF00829,Nurse,Cardiology,2026-05-14 09:13:00.565711,2026-05-14 15:13:00.565711,20,1,On Leave
STAFF00830,Technician,ICU,2026-04-24 02:00:53.737829,2026-04-24 14:00:53.737829,5,5,Available
STAFF00831,Ward Boy,Emergency,2026-05-07 05:57:24.665706,2026-05-07 17:57:24.665706,1,1,Available
STAFF00832,Doctor,Neurology,2026-04-26 19:42:23.273894,2026-04-27 05:42:23.273894,11,0,Busy
STAFF00833,Technician,Cardiology,2026-05-15 07:26:33.585127,2026-05-15 17:26:33.585127,9,0,On Leave
STAFF00834,Ward Boy,Emergency,2026-04-24 01:21:59.829045,2026-04-24 07:21:59.829045,8,0,Available
STAFF00835,Doctor,Cardiology,2026-05-08 05:23:48.599330,2026-05-08 11:23:48.599330,3,6,Available
STAFF00836,Receptionist,Cardiology,2026-05-19 16:31:14.709346,2026-05-20 02:31:14.709346,6,4,Busy
STAFF00837,Technician,Emergency,2026-05-21 09:36:08.253208,2026-05-21 19:36:08.253208,8,1,Busy
STAFF00838,Ward Boy,Cardiology,2026-05-10 07:07:49.333630,2026-05-10 13:07:49.333630,15,4,Available
STAFF00839,Ward Boy,ICU,2026-04-26 08:02:30.379230,2026-04-26 16:02:30.379230,4,6,Available
STAFF00840,Technician,Emergency,2026-05-02 12:50:42.411758,2026-05-02 18:50:42.411758,5,6,Available
STAFF00841,Doctor,ICU,2026-05-15 07:16:02.413358,2026-05-15 17:16:02.413358,7,5,On Leave
STAFF00842,Doctor,Emergency,2026-05-10 03:49:50.157959,2026-05-10 11:49:50.157959,2,2,Available
STAFF00843,Ward Boy,Neurology,2026-05-17 12:25:27.300713,2026-05-17 20:25:27.300713,5,4,Busy
STAFF00844,Receptionist,Surgery,2026-05-18 16:56:05.674685,2026-05-19 04:56:05.674685,12,6,Busy
STAFF00845,Technician,Neurology,2026-04-29 01:09:41.029500,2026-04-29 11:09:41.029500,12,3,Available
STAFF00846,Ward Boy,Cardiology,2026-05-06 08:57:06.105850,2026-05-06 14:57:06.105850,3,1,Busy
STAFF00847,Technician,Emergency,2026-05-17 19:38:23.436333,2026-05-18 03:38:23.436333,18,6,Busy
STAFF00848,Nurse,ICU,2026-05-15 01:19:34.349683,2026-05-15 09:19:34.349683,4,2,Busy
STAFF00849,Technician,Emergency,2026-05-14 00:54:07.434044,2026-05-14 06:54:07.434044,10,3,Busy
STAFF00850,Nurse,Cardiology,2026-05-14 14:04:11.556419,2026-05-14 22:04:11.556419,10,6,Busy
STAFF00851,Doctor,Emergency,2026-05-12 00:42:13.092172,2026-05-12 12:42:13.092172,16,5,On Leave
STAFF00852,Nurse,Surgery,2026-05-13 11:08:25.460842,2026-05-13 17:08:25.460842,1,6,On Leave
STAFF00853,Nurse,Emergency,2026-05-18 10:17:42.719349,2026-05-18 16:17:42.719349,14,1,Available
STAFF00854,Technician,Cardiology,2026-05-09 05:23:44.507625,2026-05-09 17:23:44.507625,19,0,Available
STAFF00855,Ward Boy,Surgery,2026-05-15 11:41:10.304601,2026-05-15 17:41:10.304601,17,6,Available
STAFF00856,Technician,Surgery,2026-05-13 03:07:41.014345,2026-05-13 11:07:41.014345,3,5,On Leave
STAFF00857,Nurse,Emergency,2026-05-15 22:12:53.618367,2026-05-16 04:12:53.618367,14,5,Busy
STAFF00858,Ward Boy,ICU,2026-05-19 21:51:40.873744,2026-05-20 09:51:40.873744,11,1,On Leave
STAFF00859,Technician,ICU,2026-05-15 17:21:41.632041,2026-05-16 03:21:41.632041,4,0,Available
STAFF00860,Doctor,Neurology,2026-05-01 14:10:56.115192,2026-05-01 22:10:56.115192,11,3,Available
STAFF00861,Ward Boy,Emergency,2026-05-11 22:09:01.121051,2026-05-12 10:09:01.121051,13,3,Available
STAFF00862,Doctor,ICU,2026-05-10 17:50:08.881092,2026-05-11 03:50:08.881092,15,5,Available
STAFF00863,Receptionist,Surgery,2026-05-02 20:50:18.671111,2026-05-03 04:50:18.671111,8,2,On Leave
STAFF00864,Nurse,Surgery,2026-05-20 04:24:34.841014,2026-05-20 10:24:34.841014,15,5,Busy
STAFF00865,Ward Boy,ICU,2026-05-22 17:04:53.829334,2026-05-23 05:04:53.829334,17,5,Busy
STAFF00866,Receptionist,ICU,2026-05-16 20:12:49.520823,2026-05-17 06:12:49.520823,11,1,Busy
STAFF00867,Ward Boy,Neurology,2026-04-27 01:19:04.369831,2026-04-27 07:19:04.369831,11,1,On Leave
STAFF00868,Technician,ICU,2026-05-08 22:51:58.996633,2026-05-09 10:51:58.996633,14,0,On Leave
STAFF00869,Doctor,Cardiology,2026-04-30 11:33:25.059551,2026-04-30 17:33:25.059551,4,2,Available
STAFF00870,Doctor,ICU,2026-05-16 21:51:37.736092,2026-05-17 05:51:37.736092,3,3,Busy
STAFF00871,Nurse,Neurology,2026-05-15 13:28:53.040618,2026-05-16 01:28:53.040618,12,2,Available
STAFF00872,Ward Boy,Emergency,2026-05-22 05:50:53.019933,2026-05-22 13:50:53.019933,2,5,On Leave
STAFF00873,Receptionist,Emergency,2026-04-24 02:10:44.953884,2026-04-24 14:10:44.953884,13,5,On Leave
STAFF00874,Technician,Surgery,2026-05-20 02:07:46.217433,2026-05-20 08:07:46.217433,10,1,Busy
STAFF00875,Nurse,Cardiology,2026-05-18 22:53:23.718701,2026-05-19 06:53:23.718701,17,0,On Leave
STAFF00876,Receptionist,Neurology,2026-05-01 08:47:45.951191,2026-05-01 18:47:45.951191,5,2,On Leave
STAFF00877,Technician,Cardiology,2026-05-11 01:16:17.256370,2026-05-11 11:16:17.256370,16,0,On Leave
STAFF00878,Ward Boy,Emergency,2026-05-07 03:56:47.205054,2026-05-07 13:56:47.205054,19,1,Busy
STAFF00879,Ward Boy,Neurology,2026-05-18 21:58:58.854087,2026-05-19 07:58:58.854087,5,5,Available
STAFF00880,Receptionist,ICU,2026-05-11 09:24:44.784083,2026-05-11 17:24:44.784083,2,3,Available
STAFF00881,Technician,Neurology,2026-05-19 14:17:03.637303,2026-05-19 20:17:03.637303,9,3,On Leave
STAFF00882,Technician,Neurology,2026-05-12 18:24:08.282001,2026-05-13 02:24:08.282001,11,2,Busy
STAFF00883,Ward Boy,Emergency,2026-04-29 19:32:40.220231,2026-04-30 07:32:40.220231,18,0,Available
STAFF00884,Nurse,Emergency,2026-05-07 00:53:42.797441,2026-05-07 06:53:42.797441,3,2,Available
STAFF00885,Technician,Cardiology,2026-05-05 16:43:02.953024,2026-05-05 22:43:02.953024,9,1,Busy
STAFF00886,Nurse,Neurology,2026-04-29 21:26:55.841505,2026-04-30 03:26:55.841505,19,4,On Leave
STAFF00887,Ward Boy,Cardiology,2026-05-01 10:11:29.607252,2026-05-01 20:11:29.607252,20,3,On Leave
STAFF00888,Receptionist,Neurology,2026-05-18 00:13:33.411544,2026-05-18 06:13:33.411544,16,4,Busy
STAFF00889,Nurse,Neurology,2026-05-02 20:36:11.796747,2026-05-03 08:36:11.796747,3,2,Busy
STAFF00890,Technician,Neurology,2026-04-26 05:22:19.994544,2026-04-26 11:22:19.994544,11,5,Available
STAFF00891,Nurse,Cardiology,2026-04-24 03:15:12.671984,2026-04-24 11:15:12.671984,3,2,Available
STAFF00892,Ward Boy,ICU,2026-04-29 18:28:58.198007,2026-04-30 02:28:58.198007,5,0,Available
STAFF00893,Doctor,Surgery,2026-04-30 14:14:32.042978,2026-05-01 02:14:32.042978,9,3,Busy
STAFF00894,Nurse,ICU,2026-04-25 07:09:17.394492,2026-04-25 13:09:17.394492,10,1,On Leave
STAFF00895,Doctor,Neurology,2026-05-06 22:59:32.128851,2026-05-07 06:59:32.128851,18,5,On Leave
STAFF00896,Ward Boy,ICU,2026-05-21 13:30:24.572934,2026-05-21 23:30:24.572934,1,2,On Leave
STAFF00897,Doctor,Surgery,2026-04-25 18:14:49.384637,2026-04-26 02:14:49.384637,7,0,Available
STAFF00898,Receptionist,ICU,2026-05-07 04:35:33.851794,2026-05-07 14:35:33.851794,4,3,Busy
STAFF00899,Doctor,Emergency,2026-04-22 23:42:01.510112,2026-04-23 07:42:01.510112,6,4,Busy
STAFF00900,Technician,Cardiology,2026-05-03 15:15:52.205696,2026-05-04 03:15:52.205696,1,1,Available
STAFF00901,Ward Boy,ICU,2026-05-01 22:57:04.437574,2026-05-02 04:57:04.437574,10,5,Busy
STAFF00902,Nurse,Cardiology,2026-04-29 07:43:23.039948,2026-04-29 17:43:23.039948,15,3,On Leave
STAFF00903,Doctor,ICU,2026-05-05 12:11:09.316586,2026-05-05 22:11:09.316586,10,3,Busy
STAFF00904,Ward Boy,Surgery,2026-04-24 00:21:57.996259,2026-04-24 10:21:57.996259,19,6,Available
STAFF00905,Nurse,Surgery,2026-05-13 05:27:57.578164,2026-05-13 13:27:57.578164,4,1,Busy
STAFF00906,Ward Boy,ICU,2026-05-08 13:28:32.919270,2026-05-08 21:28:32.919270,9,5,Busy
STAFF00907,Receptionist,Surgery,2026-05-21 10:23:15.487895,2026-05-21 22:23:15.487895,15,4,Available
STAFF00908,Doctor,ICU,2026-05-15 08:55:39.358080,2026-05-15 14:55:39.358080,19,3,On Leave
STAFF00909,Technician,Neurology,2026-05-09 00:41:26.226612,2026-05-09 10:41:26.226612,16,6,Busy
STAFF00910,Doctor,Emergency,2026-05-06 12:05:05.550041,2026-05-06 18:05:05.550041,17,2,On Leave
STAFF00911,Technician,Emergency,2026-05-10 09:21:27.645749,2026-05-10 19:21:27.645749,19,4,Available
STAFF00912,Technician,Neurology,2026-05-09 02:51:02.145221,2026-05-09 12:51:02.145221,5,3,Available
STAFF00913,Receptionist,ICU,2026-05-02 19:01:10.859223,2026-05-03 03:01:10.859223,8,5,Available
STAFF00914,Technician,Cardiology,2026-05-12 02:27:45.033156,2026-05-12 14:27:45.033156,20,0,Busy
STAFF00915,Technician,Emergency,2026-05-16 20:40:50.933182,2026-05-17 08:40:50.933182,3,4,On Leave
STAFF00916,Receptionist,Surgery,2026-04-29 06:58:35.870528,2026-04-29 18:58:35.870528,5,5,On Leave
STAFF00917,Technician,Surgery,2026-05-05 01:14:38.919942,2026-05-05 07:14:38.919942,12,1,Busy
STAFF00918,Doctor,Cardiology,2026-05-06 17:11:31.422246,2026-05-07 03:11:31.422246,8,5,Available
STAFF00919,Doctor,Emergency,2026-05-17 04:00:08.508600,2026-05-17 14:00:08.508600,18,4,Busy
STAFF00920,Receptionist,Neurology,2026-05-16 15:36:50.087321,2026-05-17 01:36:50.087321,18,6,On Leave
STAFF00921,Ward Boy,Neurology,2026-05-07 06:36:29.238054,2026-05-07 16:36:29.238054,12,3,On Leave
STAFF00922,Ward Boy,Surgery,2026-05-10 13:08:21.999681,2026-05-10 19:08:21.999681,9,1,On Leave
STAFF00923,Ward Boy,Cardiology,2026-05-08 23:29:03.793337,2026-05-09 09:29:03.793337,3,5,Busy
STAFF00924,Nurse,Surgery,2026-04-30 06:14:39.191238,2026-04-30 18:14:39.191238,19,6,On Leave
STAFF00925,Technician,Surgery,2026-05-21 03:30:39.186179,2026-05-21 11:30:39.186179,20,6,On Leave
STAFF00926,Receptionist,Surgery,2026-04-26 07:14:04.073130,2026-04-26 15:14:04.073130,18,4,Busy
STAFF00927,Ward Boy,Neurology,2026-05-13 08:51:49.726237,2026-05-13 18:51:49.726237,14,0,Busy
STAFF00928,Doctor,ICU,2026-05-22 10:12:22.136451,2026-05-22 20:12:22.136451,11,3,On Leave
STAFF00929,Ward Boy,Emergency,2026-05-09 12:20:52.976876,2026-05-09 22:20:52.976876,20,6,On Leave
STAFF00930,Receptionist,ICU,2026-05-04 07:24:17.455296,2026-05-04 13:24:17.455296,18,0,On Leave
STAFF00931,Doctor,Surgery,2026-05-22 08:47:08.183543,2026-05-22 18:47:08.183543,3,0,Available
STAFF00932,Technician,Cardiology,2026-05-11 11:07:45.832083,2026-05-11 21:07:45.832083,3,3,Available
STAFF00933,Receptionist,Neurology,2026-04-23 12:14:51.305045,2026-04-24 00:14:51.305045,1,5,Busy
STAFF00934,Nurse,Surgery,2026-04-23 23:03:57.355797,2026-04-24 05:03:57.355797,11,3,Busy
STAFF00935,Nurse,Cardiology,2026-05-22 08:20:58.373312,2026-05-22 14:20:58.373312,13,0,Available
STAFF00936,Doctor,ICU,2026-05-16 02:52:56.843126,2026-05-16 10:52:56.843126,4,1,Busy
STAFF00937,Nurse,Neurology,2026-04-23 04:39:41.955261,2026-04-23 12:39:41.955261,7,3,Busy
STAFF00938,Technician,Neurology,2026-05-06 14:59:56.842957,2026-05-07 00:59:56.842957,14,4,On Leave
STAFF00939,Technician,Surgery,2026-05-07 08:31:26.204248,2026-05-07 18:31:26.204248,17,3,Busy
STAFF00940,Receptionist,Neurology,2026-05-07 12:30:39.301050,2026-05-07 20:30:39.301050,18,3,Busy
STAFF00941,Doctor,Neurology,2026-05-08 10:17:23.673465,2026-05-08 16:17:23.673465,15,2,On Leave
STAFF00942,Nurse,ICU,2026-04-29 20:24:10.664390,2026-04-30 08:24:10.664390,5,0,Available
STAFF00943,Ward Boy,ICU,2026-05-16 13:47:51.166199,2026-05-16 19:47:51.166199,18,2,On Leave
STAFF00944,Technician,Emergency,2026-05-18 05:37:21.755567,2026-05-18 17:37:21.755567,15,1,Busy
STAFF00945,Nurse,Surgery,2026-04-24 19:49:11.246065,2026-04-25 01:49:11.246065,1,1,Busy
STAFF00946,Doctor,ICU,2026-05-20 00:35:07.244339,2026-05-20 12:35:07.244339,12,5,On Leave
STAFF00947,Receptionist,ICU,2026-04-30 05:02:52.983565,2026-04-30 17:02:52.983565,6,5,Busy
STAFF00948,Technician,Neurology,2026-04-28 22:42:52.364676,2026-04-29 04:42:52.364676,7,4,Busy
STAFF00949,Receptionist,Emergency,2026-05-04 12:23:26.643359,2026-05-04 20:23:26.643359,2,2,Available
STAFF00950,Nurse,Emergency,2026-04-28 05:50:01.858723,2026-04-28 17:50:01.858723,11,6,Available
STAFF00951,Ward Boy,Cardiology,2026-04-26 19:39:16.733436,2026-04-27 03:39:16.733436,7,4,On Leave
STAFF00952,Doctor,Surgery,2026-05-18 10:04:28.759166,2026-05-18 18:04:28.759166,14,5,On Leave
STAFF00953,Nurse,Neurology,2026-05-01 11:03:51.899488,2026-05-01 17:03:51.899488,8,2,On Leave
STAFF00954,Technician,Cardiology,2026-04-23 18:00:32.504371,2026-04-24 00:00:32.504371,12,6,Busy
STAFF00955,Nurse,Cardiology,2026-05-04 03:10:35.451017,2026-05-04 15:10:35.451017,18,2,On Leave
STAFF00956,Technician,ICU,2026-05-18 08:55:31.185572,2026-05-18 14:55:31.185572,13,6,Available
STAFF00957,Receptionist,ICU,2026-05-04 18:03:02.503710,2026-05-05 00:03:02.503710,18,0,Available
STAFF00958,Nurse,Neurology,2026-05-18 13:59:50.637779,2026-05-18 21:59:50.637779,11,4,Busy
STAFF00959,Technician,Surgery,2026-04-27 11:30:01.671076,2026-04-27 17:30:01.671076,3,2,Busy
STAFF00960,Nurse,Surgery,2026-05-22 06:00:20.265203,2026-05-22 16:00:20.265203,13,5,Busy
STAFF00961,Ward Boy,ICU,2026-05-11 01:08:13.206375,2026-05-11 13:08:13.206375,17,0,On Leave
STAFF00962,Technician,Cardiology,2026-05-09 18:24:35.867432,2026-05-10 00:24:35.867432,6,3,Available
STAFF00963,Receptionist,Neurology,2026-04-30 08:13:59.372282,2026-04-30 20:13:59.372282,19,4,Busy
STAFF00964,Doctor,Surgery,2026-05-01 14:56:42.501459,2026-05-01 20:56:42.501459,13,1,Busy
STAFF00965,Technician,Neurology,2026-05-20 06:14:05.548171,2026-05-20 16:14:05.548171,13,1,Busy
STAFF00966,Doctor,Neurology,2026-05-14 15:50:34.864160,2026-05-14 21:50:34.864160,7,5,Busy
STAFF00967,Receptionist,Emergency,2026-04-28 08:11:03.767011,2026-04-28 18:11:03.767011,7,0,Busy
STAFF00968,Receptionist,Surgery,2026-05-20 05:30:12.193758,2026-05-20 13:30:12.193758,4,1,On Leave
STAFF00969,Doctor,ICU,2026-04-28 23:36:43.917168,2026-04-29 07:36:43.917168,7,2,Busy
STAFF00970,Nurse,Cardiology,2026-05-18 01:00:07.344578,2026-05-18 13:00:07.344578,4,5,Busy
STAFF00971,Receptionist,Surgery,2026-05-18 01:25:02.734169,2026-05-18 11:25:02.734169,7,1,Available
STAFF00972,Nurse,ICU,2026-05-20 19:15:38.846303,2026-05-21 07:15:38.846303,16,1,Available
STAFF00973,Technician,Emergency,2026-04-28 13:08:06.664809,2026-04-28 21:08:06.664809,14,6,Busy
STAFF00974,Nurse,ICU,2026-05-13 04:13:41.456097,2026-05-13 12:13:41.456097,2,5,On Leave
STAFF00975,Nurse,Neurology,2026-04-25 12:29:09.870407,2026-04-25 22:29:09.870407,2,5,On Leave
STAFF00976,Nurse,ICU,2026-05-08 03:54:47.080285,2026-05-08 11:54:47.080285,15,4,On Leave
STAFF00977,Nurse,Cardiology,2026-04-28 15:05:50.114663,2026-04-29 01:05:50.114663,7,5,On Leave
STAFF00978,Technician,Emergency,2026-05-20 09:36:36.468040,2026-05-20 15:36:36.468040,11,3,On Leave
STAFF00979,Receptionist,Emergency,2026-05-15 08:32:51.619565,2026-05-15 14:32:51.619565,16,2,On Leave
STAFF00980,Ward Boy,Emergency,2026-04-24 19:52:30.743921,2026-04-25 03:52:30.743921,13,0,Busy
STAFF00981,Ward Boy,ICU,2026-05-18 03:19:40.775073,2026-05-18 15:19:40.775073,6,0,Busy
STAFF00982,Nurse,Neurology,2026-05-22 00:52:58.516094,2026-05-22 06:52:58.516094,1,3,Busy
STAFF00983,Receptionist,Emergency,2026-05-10 15:18:40.952819,2026-05-11 01:18:40.952819,7,0,Available
STAFF00984,Doctor,Emergency,2026-04-30 19:16:29.450209,2026-05-01 05:16:29.450209,18,5,On Leave
STAFF00985,Nurse,Surgery,2026-05-04 23:04:24.972334,2026-05-05 05:04:24.972334,1,1,On Leave
STAFF00986,Ward Boy,Neurology,2026-04-27 12:29:37.049242,2026-04-27 22:29:37.049242,18,3,Busy
STAFF00987,Technician,Cardiology,2026-05-18 21:01:20.414641,2026-05-19 05:01:20.414641,3,3,Busy
STAFF00988,Receptionist,ICU,2026-05-10 06:29:45.869080,2026-05-10 14:29:45.869080,14,4,Busy
STAFF00989,Ward Boy,ICU,2026-05-21 17:33:15.974600,2026-05-22 05:33:15.974600,10,0,On Leave
STAFF00990,Ward Boy,Emergency,2026-05-21 00:40:24.458287,2026-05-21 06:40:24.458287,2,1,Available
STAFF00991,Receptionist,Cardiology,2026-04-28 14:06:17.485421,2026-04-29 00:06:17.485421,10,6,On Leave
STAFF00992,Nurse,Emergency,2026-05-03 01:47:10.893268,2026-05-03 09:47:10.893268,3,3,Available
STAFF00993,Nurse,Cardiology,2026-05-12 02:52:32.824939,2026-05-12 10:52:32.824939,11,6,On Leave
STAFF00994,Ward Boy,Emergency,2026-05-12 07:23:28.131645,2026-05-12 13:23:28.131645,14,6,Busy
STAFF00995,Ward Boy,Surgery,2026-05-15 07:33:31.747113,2026-05-15 13:33:31.747113,8,1,On Leave
STAFF00996,Receptionist,Emergency,2026-05-21 20:37:11.852824,2026-05-22 02:37:11.852824,12,0,Available
STAFF00997,Doctor,Neurology,2026-04-27 17:15:11.163641,2026-04-28 01:15:11.163641,19,4,On Leave
STAFF00998,Doctor,Surgery,2026-05-09 10:23:02.765783,2026-05-09 16:23:02.765783,4,2,Available
STAFF00999,Receptionist,Neurology,2026-05-12 15:15:37.472360,2026-05-13 01:15:37.472360,17,2,Available
STAFF01000,Nurse,Emergency,2026-05-08 16:25:36.158132,2026-05-08 22:25:36.158132,17,4,Available
